waktu,username,title text
2022-06-19 23:59:57+00:00,Yunus05675952,RT @republikaonline: Pemerintah desa dituntut untuk mampu berinovasi.  https://t.co/CuKQI0Q32v
2022-06-19 23:59:44+00:00,syahirkamal35,"RT @SyedAkramin: Orang gila sahaja percaya berita macam ini. Cuba kau tanya rakyat Malaysia di pedalaman Sabah dan Sarawak, sudahkah kawasa‚Ä¶"
2022-06-19 23:59:38+00:00,darilautID,"Indonesia Perjuangkan Kepentingan Nelayan di Sidang WTO, Subsidi Perikanan Ilegal¬†Dihapus https://t.co/iPUOyr9fLc"
2022-06-19 23:59:37+00:00,al_ilo,"RT @satriohendri: Saat Ganjar mencalonkan diri sebagai Gubernur Jawa Tengah, panglima di lapangannya Puan Maharani. Jadi dibantu waktu itu‚Ä¶"
2022-06-19 23:59:32+00:00,DePlankthoon,RT @detikcom: Grace Natalie menegaskan partainya tidak akan mendukung Gubernur DKI Jakarta Anies Baswedan maju sebagai capres pada Pemilu 2‚Ä¶
2022-06-19 23:59:32+00:00,unaluveggtart,"RT @Muzuzxck: Jika kita dengar berita kematian, Islam mengajarkan kita supaya menyebut apa yang baik sahaja tanpa mengaitkan perkara yang t‚Ä¶"
2022-06-19 23:59:31+00:00,mrezzazul,"RT @Mdy_Asmara1701: Pemprov DKI Jakarta mengabadikan nama tokoh legenda Jakarta, Si Pitung menjadi nama jalan. Jalan Raya Kebayoran Lama di‚Ä¶"
2022-06-19 23:59:31+00:00,suriadikusumah,RT @Cintada16: Berita seperti ini yang saat ini sangat dibutuhkan untuk lebuh membangkitkan kembali semangat NKRIü•∞üá≤üá® https://t.co/294mnX8P1m
2022-06-19 23:59:26+00:00,feraaani,"RT @ravitho12: Beberapa jam kemudian, gw dikabarin kalo GW DITERIMA.ALHAMDULILLAH, orang pertama yang gw kasih tau itu Ibu gw, Ibu meluk gw‚Ä¶"
2022-06-19 23:59:23+00:00,Ajibur24,"RT @rutan_demak: 58.KAKANWIL A YUSPAHRUDDIN KEMENKUMHAM JATENG: BAHAS OVER STAYING TAHANAN, RUTAN PURWOREJO IKUTI FGD MAHKUMJAKPOL SECARA V‚Ä¶"
2022-06-19 23:59:07+00:00,Penguntit7,"@AmmarTiger2 @gorilazz84 @NgaKorMing Masa DAP jadi kerajaan berapa lebuh raya dijadikan tol-free? ü§£
Nga Kor Hancing

https://t.co/TjpfunY5N1"
2022-06-19 23:59:02+00:00,jubidotcom,Berita Papua // Kapolri diminta berhentikan sementara AKBP Brotoseno https://t.co/8dZ4PNtlEj https://t.co/pKRShleYBa
2022-06-19 23:59:02+00:00,miahhmd,"RT @MMC_IDN2: Kateter Urine Bikin Ribut Dunia Kesehatan | MMC Millenials

Sob-sob, tau berita yang lagi viral itu gak sih. Itu lo berita ma‚Ä¶"
2022-06-19 23:59:00+00:00,pelitabangsa45,"RT @Urrangawak: Kehadiran orang nomor satu di Jateng itu sontak menyita perhatian warga yang pagi itu hadir di Solo Car Free Day..

Di teng‚Ä¶"
2022-06-19 23:58:57+00:00,masakoyayam,@hyang_wisnu @PlateJohnny Pers harus terus lakukan evaluasi untuk terus bisa jaga soliditas dg sajikan berita yg ak‚Ä¶ https://t.co/0ZLJdJIGN6
2022-06-19 23:58:57+00:00,RAWibowoIX,"RT @detikcom: Menteri Pertanian Syahrul Yasin Limpo heran dengan harga cabai dan bawang merah yang melonjak tinggi. Pasalnya, stok cabai di‚Ä¶"
2022-06-19 23:58:57+00:00,SartonoHutomo,RT @SartonoHutomo: SBY Pamer Lukisan Karyanya di Acara Mengenang Almarhumah Ani Yudhoyono | Republika Online Mobile https://t.co/41GZOViQ1P
2022-06-19 23:58:52+00:00,icharis,RT @pijarguru: Saya tidak paham relevansi survei kebijakan pendidikan dikaitkan dgn popularitas seseorang. Apakah kalau personnya populer k‚Ä¶
2022-06-19 23:58:47+00:00,beritamanado,"Berita terbaru: Benny Susetyo: Anak Muda Bertindak Lokal, Berpikir Global https://t.co/MpgO9CB2SO #BPIP #NTT #pancasila"
2022-06-19 23:58:41+00:00,AndiAriadi17,"RT @detikcom: Seorang warga menemukan tas plastik berisi bayi ditinggal di bangku warung kopi (warkop) kawasan Desa Nambuhan, Kecamatan Pur‚Ä¶"
2022-06-19 23:58:40+00:00,Lambada70082178,@BayoeAndriyanto @yusuf_dumdum Berita Tempo yg kredibel kok disebut hoax... Ajaib
2022-06-19 23:58:39+00:00,elenarmy,"RT @JPenerangan: serta beberapa agensi iaitu di Jabatan Penyiaran Malaysia (RTM), Pertubuhan Berita Nasional Malaysia (BERNAMA) dan Institu‚Ä¶"
2022-06-19 23:57:56+00:00,caerIIes,"RT @yylndd: winrina / jiminjeong semi long au

‚Äî calon istri real no fake

Niat Winata yang awalnya ingin menambah uang jajan dengan bekerj‚Ä¶"
2022-06-19 23:57:52+00:00,AzizanIdris,"RT @501Awani: Adibah Noor hanya tahu hidap kanser tiga bulan lalu

https://t.co/x3LwvSUID7

#AWANInews #AWANI745"
2022-06-19 23:57:51+00:00,pikalalala_,"RT @Muzuzxck: Jika kita dengar berita kematian, Islam mengajarkan kita supaya menyebut apa yang baik sahaja tanpa mengaitkan perkara yang t‚Ä¶"
2022-06-19 23:57:46+00:00,501Awani,"Beliau berharap jawatan yang disandangnya itu, kekal demi memastikan kestabilan negara dan Kabinet.

#ICYMI‚Ä¶ https://t.co/ftUf4KbtOM"
2022-06-19 23:57:45+00:00,iskandarhelmi47,Bisnis News | Berita Logistik dan Transportasi https://t.co/BCgXrbQ1Lw
2022-06-19 23:57:40+00:00,kpupulautaliabu,20 Juni 2022 Apel Pagi Rutin KPU Kab. Pulau Taliabu di halaman Sekretariat KPU Kab. Pulau Taliabu‚Ä¶ https://t.co/NXRg2Jw3aX
2022-06-19 23:57:36+00:00,_farhanhafiz,"RT @SyedAkramin: Orang gila sahaja percaya berita macam ini. Cuba kau tanya rakyat Malaysia di pedalaman Sabah dan Sarawak, sudahkah kawasa‚Ä¶"
2022-06-19 23:57:36+00:00,Junaedi_0001,"@detikcom Butuh berita yang lebih berbobot,ada gak min ? üòï"
2022-06-19 23:57:30+00:00,555masteng,RT @HusinShihab: Pernah dipenjara karna beberapa kasus hoax soal provokasi tni dan polri dan uu omnibus law. Sebab berita bohong itulah kac‚Ä¶
2022-06-19 23:57:16+00:00,iskandarhelmi47,Bisnis News | Berita Logistik dan Transportasi https://t.co/6MT0RDyMmm
2022-06-19 23:56:53+00:00,iniaminserius,"Yaallah bangun tidur terus dapet berita bagus tuh seneng banget, jadi mood pollll ü•∞"
2022-06-19 23:56:45+00:00,publicanews,Wawancara TV Amber Heard Dinilai Sesat Oleh Penonton https://t.co/ilVFd5GIrA
2022-06-19 23:56:34+00:00,masakoyayam,"RT @hyang_wisnu: Jaga Solidilitas Nasional,Menkominfo Dorong Pers Sajikan Informasi Akurat

Menkominfo @PlateJohnny secara khusus mendorong‚Ä¶"
2022-06-19 23:56:32+00:00,POTRETNEWSriau,"Pemilihan 27 Juli, Lima Calon Rektor Unri Siap ‚ÄùBertempur‚Äù https://t.co/qOx7XpD09C"
2022-06-19 23:56:29+00:00,NicOakley,"RT @detikcom: Menteri Pertanian Syahrul Yasin Limpo heran dengan harga cabai dan bawang merah yang melonjak tinggi. Pasalnya, stok cabai di‚Ä¶"
2022-06-19 23:56:28+00:00,Manzu20106371,"RT @Ngancel45: @MNW_MNW_MNW Dari pada partai ente, sampai hari nama nya gak terkenal.
https://t.co/CWOXGWJOGa"
2022-06-19 23:56:11+00:00,nusabalicom,"Tersangka, Sopir Bus Maut Ditahan https://t.co/Jb9Rz1Yug1 #Kecelakaan #nusabali #berita #Lakalantas #Tewas #PolresTabanan #DesaBaturiti"
2022-06-19 23:56:07+00:00,Murtodo68,"RT @billy4riez: Bertemu Kiai Khas &amp; Habaib Jatim, Ketum PKB Lapor Siap Berlaga di Pilpres https://t.co/0dJ2m9Dx7h"
2022-06-19 23:56:06+00:00,Tehtarik_mantap,"RT @SulisWidjaya: RKUHP: Orang Demonstrasi Tanpa Izin Dipenjara 1 Tahun

Dimana hak menyatakan pendapat dimuka umum  dilindungi dan dijamin‚Ä¶"
2022-06-19 23:55:59+00:00,owlkkotsu,"@aris_ri7 „Ö§
„Ö§
[ What's App üì® ]

‚úì Berisik.
‚úì „Ö§
„Ö§
m-Transfer:
BERHASIL
20/06  6.55
Ke  05XXXXX
A/N RINA IRISH‚Ä¶ https://t.co/FWpZLHWajf"
2022-06-19 23:55:50+00:00,bambang04121969,"Berita yang perlu kita cermati sandarannya adalah Qur'an dan Hadist
# MimpiMuhammadQasim https://t.co/tkY6rpPPYa"
2022-06-19 23:55:44+00:00,republikaonline,Pemerintah desa dituntut untuk mampu berinovasi.  https://t.co/CuKQI0Q32v
2022-06-19 23:55:42+00:00,aedrianaa6,"RT @Muzuzxck: Jika kita dengar berita kematian, Islam mengajarkan kita supaya menyebut apa yang baik sahaja tanpa mengaitkan perkara yang t‚Ä¶"
2022-06-19 23:55:16+00:00,Jjjjjjj24682633,"RT @papa_loren: Kamu peenah denger PSI teriak ttg KORUPSI selain di jakarta? üòÇ

https://t.co/2KbJYI0dLv"
2022-06-19 23:55:08+00:00,voidotid,"""Serangan ke arah Sievierodonetsk berkembang dengan sukses,"" terang juru bicara Kementerian Pertahanan Rusia Igor K‚Ä¶ https://t.co/tuQjeqegcs"
2022-06-19 23:55:07+00:00,AtletMalaysia,Kertas cadangan pengecualian cukai pendapatan hadiah e-sukan hampir siap | Berita Harian https://t.co/XBf8WRc2AD
2022-06-19 23:54:59+00:00,publicanews,"Amber Heard Menolak Menyerah, Beberkan Dokumen Pelecehan https://t.co/QD79vmfvTB"
2022-06-19 23:54:57+00:00,tehamenuk,RT @detikcom: Grace Natalie menegaskan partainya tidak akan mendukung Gubernur DKI Jakarta Anies Baswedan maju sebagai capres pada Pemilu 2‚Ä¶
2022-06-19 23:54:41+00:00,RaniMar52732363,"RT @tvOneNews: Pemerintah Arab Saudi menyita mainan, pakaian, dan benda lainnya yang berwarna pelangi dalam upaya menolak keberadaan LGBT.‚Ä¶"
2022-06-19 23:54:40+00:00,AtletMalaysia,Legenda lawan pedang negara meninggal dunia | Berita Harian https://t.co/VgNKiWhURI
2022-06-19 23:54:34+00:00,Mutiara33816254,"RT @satriohendri: Saat Ganjar mencalonkan diri sebagai Gubernur Jawa Tengah, panglima di lapangannya Puan Maharani. Jadi dibantu waktu itu‚Ä¶"
2022-06-19 23:54:32+00:00,GoRiauCom,"Lantik Pengurus HMI Cabang Kepulauan Meranti, Ini Pesan Wabup Asmar https://t.co/foCEMuvgAy #GoRiau"
2022-06-19 23:54:30+00:00,pattasalam,"RT @DokterTifa: Demi foto cantik, logika dibolak-balik.

Kenapa fotografernya jadi ikutan bego, sih?

Tukik itu di lepas  ke laut, kenapa j‚Ä¶"
2022-06-19 23:54:26+00:00,RonaldLampard8,"RT @_KanjengRaden: Relawan Pendukung Ganjar Pranowo Gelar Apel Akbar di Sumut.

Tujuan diselenggarakan acara ini untuk membangun kesejahter‚Ä¶"
2022-06-19 23:54:17+00:00,Nurhasanputra1,"RT @pengarang_sajak: Next Jateng 1..

üëá

https://t.co/KTyKnZBhga"
2022-06-19 23:54:03+00:00,DguSum,"RT @wow_keren: Lisa BLACKPINK Nonton Konser (G)I-DLE, Kedekatan Bareng Keluarga Minnie Bikin Syok #Lisa https://t.co/jgbMjC9iFC https://t.c‚Ä¶"
2022-06-19 23:53:54+00:00,RachmaUmmuHaura,"RT @DokterTifa: Demi foto cantik, logika dibolak-balik.

Kenapa fotografernya jadi ikutan bego, sih?

Tukik itu di lepas  ke laut, kenapa j‚Ä¶"
2022-06-19 23:53:51+00:00,AtletMalaysia,Pelumba Sarawak cemerlang saingan JCM @JuniorCyclingMY Siri 2 di Velodrom Nasional | Berita Harian https://t.co/NLFdB3hGsU
2022-06-19 23:53:48+00:00,demokrat_jabar,"RT @PDemokrat: ""Mengenang almarhumah Ani Yudhoyono yang tentunya sangat dekat di hati &amp; pikiran kita semua. Semasa hidupnya dikenal penuh i‚Ä¶"
2022-06-19 23:53:44+00:00,SibuaRini,"RT @wow_keren: Lisa BLACKPINK Nonton Konser (G)I-DLE, Kedekatan Bareng Keluarga Minnie Bikin Syok #Lisa https://t.co/jgbMjC9iFC https://t.c‚Ä¶"
2022-06-19 23:53:43+00:00,saripudin1601,"@republikaonline Bikin berita sendiri, heboh sendiri, ngehoax sndiri...
Produk gagal di bela¬≤in... ini sih jauh dar‚Ä¶ https://t.co/OOq7ptjbWs"
2022-06-19 23:53:24+00:00,Tehtarik_mantap,"RT @mohtahid: Akan tiba masanya.
Akan datang saatnya.
Kesulitan adalah ujian.
Panjang umur perjuangan.
Bismillahirrahmanirrahim
#2023Jokowi‚Ä¶"
2022-06-19 23:53:21+00:00,mohbunyan,"RT @msaid_didu: Bapak Presiden yth, dampak dari kebijakan Bapak mengimpor daging/ternak dari negara blm bebas PMK akhirnya :
1) peternak ru‚Ä¶"
2022-06-19 23:53:20+00:00,Nugraha_Nunu21,"RT @Mdy_Asmara1701: Pasal Larangan Menghina Pemerintah Berlaku untuk Pusat &amp; Daerah, Terkecuali untuk Anies Baswedan

Hal ini berkaca dari‚Ä¶"
2022-06-19 23:53:12+00:00,Zulham_Setiadi3,"RT @papa_loren: Kamu peenah denger PSI teriak ttg KORUPSI selain di jakarta? üòÇ

https://t.co/2KbJYI0dLv"
2022-06-19 23:53:10+00:00,flzhhsna,Pagi ni berita kematian mengejut lagi satu. Pakcik sendiri üòî Semoga Maman Hamraz ditempatkan dalam kalangan orang solihin ü§≤üèª
2022-06-19 23:53:06+00:00,FreeMsian,RT @firdyfire: Percubaan keluarkan mana-mana negeri dari Malaysia merupakan jenayah - Tun Mahathir | Astro Awani https://t.co/MXef3rZLqp
2022-06-19 23:53:02+00:00,wajahpenguasa,"Gaungkan ET di Bogor, Relawan: Sosok yang Pantas Emban Tugas Pemimpin - VIVA - https://t.co/kN99bXG6hq https://t.co/Gc3juWmZ1X"
2022-06-19 23:52:58+00:00,videl58530077,"RT @Mdy_Asmara1701: Anies Buka Final Liga Basket Piala Gubernur DKI Jakarta

Mantap üëç
https://t.co/9Ki4h8sg8a"
2022-06-19 23:52:50+00:00,azizi_inntech,RT @UMonline: Lebih mengejutkan nama-nama tersebut didedahkan ketika soal balas peguam Ahmad Zahid sedangkan buku lejar itu merupakan baran‚Ä¶
2022-06-19 23:52:47+00:00,molekulatp,Sumpah kalau masih ada yg berargumen kenapa toxic akua akan selalu heran. Karena dari awal namanya genre begini ya‚Ä¶ https://t.co/GSCV5IDodJ
2022-06-19 23:52:47+00:00,Andrirafly3,"RT @msaid_didu: Bapak Presiden yth, dampak dari kebijakan Bapak mengimpor daging/ternak dari negara blm bebas PMK akhirnya :
1) peternak ru‚Ä¶"
2022-06-19 23:52:42+00:00,ShamilRahim_,RT @firdyfire: Percubaan keluarkan mana-mana negeri dari Malaysia merupakan jenayah - Tun Mahathir | Astro Awani https://t.co/MXef3rZLqp
2022-06-19 23:52:35+00:00,AtletMalaysia,"UPSI tawar tempat, biasiswa kepada 'Usain Bolt Malaysia' | Berita Harian https://t.co/jpWQ2Qp2Tv"
2022-06-19 23:52:32+00:00,__simplethink,"RT @mohtahid: Akan tiba masanya.
Akan datang saatnya.
Kesulitan adalah ujian.
Panjang umur perjuangan.
Bismillahirrahmanirrahim
#2023Jokowi‚Ä¶"
2022-06-19 23:52:21+00:00,Keboth3,"RT @maulatv: SAKSIKAN BINCANG BERITA üõë

Dengan Tema : ""Israel Jalankan Kampanye Pembunuhan Ilmuwan Iran""

Siaran Langsung di Channel YouTub‚Ä¶"
2022-06-19 23:52:13+00:00,SuperMey168,@detikcom Detik lu bikin berita gini amat. Lama lama sampah banget. Sebelum bikin berita gini kroscek dulu bisa Kal‚Ä¶ https://t.co/AgParYN1aH
2022-06-19 23:52:13+00:00,fazleeabubakar,"RT @501Awani: ""Keutamaan kita di Perlis adalah setiap perkara perlu berteraskan al-Quran dan sunah.""

#AWANInews #AWANIpagi

https://t.co/v‚Ä¶"
2022-06-19 23:52:09+00:00,AtletMalaysia,Aaron-Wooi Yik enggan hampakan peminat di Terbuka Malaysia | Berita Harian https://t.co/Whbi0trRqB
2022-06-19 23:52:08+00:00,razirashid,"RT @501Awani: Menurut Opie, Adibah menjadi penyelamat kepadanya apabila mencukupkan tabungannya ke tanah Suci untuk menunaikan umrah lebih‚Ä¶"
2022-06-19 23:51:54+00:00,prabawananda,"RT @__AnakKolong: Kalau Susilo Bambang Yudhoyono, Muhammad Jusuf Kalla &amp; Edhie Baskoro Yudhoyono diperiksa dan ditetapkan sebagai tersangka‚Ä¶"
2022-06-19 23:51:52+00:00,Arenanews1,Zidane Lebih Tertarik Latih Prancis Ketimbang PSG ‚Äì detikSport ‚Äì Google Berita Olahraga ‚Äì https://t.co/c7g1XdJII1 ‚Äì‚Ä¶ https://t.co/cWKyfWbcgL
2022-06-19 23:51:52+00:00,videl58530077,"RT @PresidenKopi: Mungkin mau nyagub DKI . Cemana warga jakarta Cocok kelen rasa ???
Jawab dengan santun. üòä https://t.co/wOGC4hfSMC"
2022-06-19 23:51:52+00:00,Arenanews1,Van Gaal Jadi Biang Bek Ajax Ini Tolak Man United? ‚Äì detikSport ‚Äì Google Berita Olahraga ‚Äì https://t.co/LeoriNp7bW‚Ä¶ https://t.co/vvziPMMY33
2022-06-19 23:51:47+00:00,JenSTANAcc,"Tiap tahun ada berita gini, and i bet theres a lot more people like them. Berita gini ada tiap tahun :( https://t.co/nCmoC8dTJI"
2022-06-19 23:51:47+00:00,Fredy_Santana01,"RT @msaid_didu: Bapak Presiden yth, dampak dari kebijakan Bapak mengimpor daging/ternak dari negara blm bebas PMK akhirnya :
1) peternak ru‚Ä¶"
2022-06-19 23:51:45+00:00,JabreakYudha,"RT @tvOneNews: Pemerintah Arab Saudi menyita mainan, pakaian, dan benda lainnya yang berwarna pelangi dalam upaya menolak keberadaan LGBT.‚Ä¶"
2022-06-19 23:51:37+00:00,beeomie_,"@WagimanDeep212_ Dari sekian berita, ini yang paling aneh"
2022-06-19 23:51:33+00:00,Ranger_Ichsan,"RT @mohtahid: Akan tiba masanya.
Akan datang saatnya.
Kesulitan adalah ujian.
Panjang umur perjuangan.
Bismillahirrahmanirrahim
#2023Jokowi‚Ä¶"
2022-06-19 23:51:25+00:00,Kamyl_Aly,RT @detikcom: Ketum PSSI Mochamad Iriawan atau yang akrab dipanggil Iwan Bule terang-terangan mendukung Ridwan Kamil maju menjadi capres 20‚Ä¶
2022-06-19 23:51:09+00:00,501Awani,"Kerajaan negeri berhasrat memelihara dan mengangkat maqasid shariyyah demi meraih sebuah negeri yang berkat, makmur‚Ä¶ https://t.co/KRD9UUIcVe"
2022-06-19 23:51:02+00:00,bakpiaduren,@comebackk7 @putraaa31113296 @alippannn1 @idextratime @tzmuenchen @kessler_philipp pantes demit goblok2 orang gk ma‚Ä¶ https://t.co/pxKdQzgMfK
2022-06-19 23:51:01+00:00,PMmelaka_,RT @firdyfire: Percubaan keluarkan mana-mana negeri dari Malaysia merupakan jenayah - Tun Mahathir | Astro Awani https://t.co/MXef3rZLqp
2022-06-19 23:50:59+00:00,AtletMalaysia,Zii Jia kini fokus tiga kejohanan berturut-turut | Berita Harian https://t.co/bhN9vpvreW
2022-06-19 23:50:58+00:00,republikaonline,Kedua partai sadar bahwa Indonesia akan menghadapi kontestasi nasional pada 2024. https://t.co/5LyOtx2knf
2022-06-19 23:50:54+00:00,PMmelaka_,"RT @501Awani: ‚ÄúKalau saya sebut tentang nak keluarkan Kedah dari Malaysia saya akan kena tangkap, tetapi...""
#AWANInews #AWANI745 https://t‚Ä¶"
2022-06-19 23:50:52+00:00,DutaHapsara,"RT @papa_loren: Kamu peenah denger PSI teriak ttg KORUPSI selain di jakarta? üòÇ

https://t.co/2KbJYI0dLv"
2022-06-19 23:50:50+00:00,inem_kardinah,"RT @mohtahid: Akan tiba masanya.
Akan datang saatnya.
Kesulitan adalah ujian.
Panjang umur perjuangan.
Bismillahirrahmanirrahim
#2023Jokowi‚Ä¶"
2022-06-19 23:50:45+00:00,tega_ya,Wanita di Makassar Dipukuli Ditelanjangi di Hotel oleh 4 Orang - Viva https://t.co/2ODBsAsqKn
2022-06-19 23:50:43+00:00,bimautama77,"RT @__AnakKolong: Kalau Susilo Bambang Yudhoyono, Muhammad Jusuf Kalla &amp; Edhie Baskoro Yudhoyono diperiksa dan ditetapkan sebagai tersangka‚Ä¶"
2022-06-19 23:50:42+00:00,baroyotaliagre1,RT @Cintada16: Berita seperti ini yang saat ini sangat dibutuhkan untuk lebuh membangkitkan kembali semangat NKRIü•∞üá≤üá® https://t.co/294mnX8P1m
2022-06-19 23:50:37+00:00,bhp_semarang,"Kakanwil Kemenkumham Jateng A Yuspahruddin

Lakukan Pengawasan, Ombudsman Jateng Sebut Seleksi Calon Taruna Polteki‚Ä¶ https://t.co/G8Y84cajS9"
2022-06-19 23:50:33+00:00,AtletMalaysia,Axelsen juara badminton Terbuka Indonesia | Berita Harian https://t.co/IIFJTxYqvg
2022-06-19 23:50:33+00:00,PMmelaka_,"RT @501Awani: Dr Mahathir berkata, situasi itu dapat dilihat apabila banyak tanah milik orang Melayu terpaksa dijual akibat isu kemiskinan.‚Ä¶"
2022-06-19 23:50:17+00:00,Bengkel_MP,"RT @maulatv: SAKSIKAN BINCANG BERITA üõë

Dengan Tema : ""Israel Jalankan Kampanye Pembunuhan Ilmuwan Iran""

Siaran Langsung di Channel YouTub‚Ä¶"
2022-06-19 23:50:15+00:00,bhp_semarang,"Kakanwil Kemenkumham Jateng A Yuspahruddin

Lakukan Pengawasan, Ombudsman Jateng Sebut Seleksi Calon Taruna Polteki‚Ä¶ https://t.co/S7fCwF42mS"
2022-06-19 23:50:06+00:00,Parulian12Roby,"RT @detikfinance: Hari Raya Idul Adha kurang dari sebulan lagi. Bagi umat muslim yang mampu, sangat dianjurkan membeli sapi, kambing/domba‚Ä¶"
2022-06-19 23:50:04+00:00,a2_afit,RT @detikcom: Grace Natalie menegaskan partainya tidak akan mendukung Gubernur DKI Jakarta Anies Baswedan maju sebagai capres pada Pemilu 2‚Ä¶
2022-06-19 23:49:57+00:00,SatriaMaul2022,"RT @mohtahid: Akan tiba masanya.
Akan datang saatnya.
Kesulitan adalah ujian.
Panjang umur perjuangan.
Bismillahirrahmanirrahim
#2023Jokowi‚Ä¶"
2022-06-19 23:49:48+00:00,DianSintawaty4,"RT @muslimahnewscom: MuslimahNews ‚Äì Sudah sangat jelas bahwa Khilafah ajaran Islam. Tak patut menarasikan sebagai ancaman, sebab yang sejat‚Ä¶"
2022-06-19 23:49:40+00:00,AtletMalaysia,FAM sentiasa sedia penuhi permintaan KPG | Berita Harian https://t.co/HQKS0YKE0J
2022-06-19 23:49:38+00:00,RNugrohoWaskit1,RT @Cintada16: Berita seperti ini yang saat ini sangat dibutuhkan untuk lebuh membangkitkan kembali semangat NKRIü•∞üá≤üá® https://t.co/294mnX8P1m
2022-06-19 23:49:36+00:00,ZuhriyatiJ,RT @Cintada16: Berita seperti ini yang saat ini sangat dibutuhkan untuk lebuh membangkitkan kembali semangat NKRIü•∞üá≤üá® https://t.co/294mnX8P1m
2022-06-19 23:49:27+00:00,BayoeAndriyanto,"@gombang @c40cities @aniesbaswedan Kalau parameternya hidrokarbon, itu 90 persen dari kendaraan bermotor, sulfur di‚Ä¶ https://t.co/19AYYAGCS1"
2022-06-19 23:49:17+00:00,bgDG_Stream,"RT @msaid_didu: Bapak Presiden yth, dampak dari kebijakan Bapak mengimpor daging/ternak dari negara blm bebas PMK akhirnya :
1) peternak ru‚Ä¶"
2022-06-19 23:49:12+00:00,SuperMey168,"@infojakarta Bikin berita gini amat, itu si Rudi yg ngaco udah dibayar separo, tapi bikin desain ga sesuai, mau min‚Ä¶ https://t.co/B44yblxhQt"
2022-06-19 23:49:12+00:00,MBT_Utama,"RT @Mdy_Asmara1701: Anies Buka Final Liga Basket Piala Gubernur DKI Jakarta

Mantap üëç
https://t.co/9Ki4h8sg8a"
2022-06-19 23:49:10+00:00,lilisyaku,"RT @wow_keren: Lisa BLACKPINK Nonton Konser (G)I-DLE, Kedekatan Bareng Keluarga Minnie Bikin Syok #Lisa https://t.co/jgbMjC9iFC https://t.c‚Ä¶"
2022-06-19 23:49:09+00:00,Jaefwon,@chianyoeI @chanybol dih gua ketinggalan berita tai
2022-06-19 23:49:04+00:00,mohtahid,"Akan tiba masanya.
Akan datang saatnya.
Kesulitan adalah ujian.
Panjang umur perjuangan.
Bismillahirrahmanirrahim‚Ä¶ https://t.co/EFkSiZuJWz"
2022-06-19 23:49:02+00:00,detikcom,"Mobil Chevrolet dan ambulans pengangkut jenazah tabrakan di Medan. Akibatnya, jenazah yang dibawa ambulans sempat t‚Ä¶ https://t.co/KJKD19KcDG"
2022-06-19 23:49:01+00:00,Jusuf_Ah,"RT @ogysugiyono: Gus Muhaimin memastikan PKB siap berkontestasi dalam pesta demokrasi 2024.

#GusMuhaiminPresiden2024
https://t.co/9XWFiONU‚Ä¶"
2022-06-19 23:48:50+00:00,bhp_semarang,"Kakanwil Kemenkumham Jateng A Yuspahruddin

Layanan Paspor Simpatik
https://t.co/FC27Z647JI

@Kemenkumham_RI‚Ä¶ https://t.co/zRmd1la2Fv"
2022-06-19 23:48:45+00:00,AMorintoh,RT @Cintada16: Berita seperti ini yang saat ini sangat dibutuhkan untuk lebuh membangkitkan kembali semangat NKRIü•∞üá≤üá® https://t.co/294mnX8P1m
2022-06-19 23:48:41+00:00,republikaonline,Acara ini akan diadakan pada hari Sabtu tanggal 25 Juni 2022. https://t.co/dK5kZRjE8p
2022-06-19 23:48:38+00:00,Nurhasanputra1,"RT @detikcom: ""PSI tidak akan mendukung Mas Anies di Pilpres 2024. Kami memeluk teguh prinsip antiintoleransi dan antikorupsi,"" kata Grace‚Ä¶"
2022-06-19 23:48:37+00:00,RoyMNasution3,RT @PDemokrat: Ketum AHY mengenang sosok sang Ibundanya. Ia menyampaikan rasa rindunya kepada Ibu Ani Yudhoyono usai lebih dari 1.000 hari‚Ä¶
2022-06-19 23:48:35+00:00,Em_blackpink,"RT @wow_keren: Lisa BLACKPINK Nonton Konser (G)I-DLE, Kedekatan Bareng Keluarga Minnie Bikin Syok #Lisa https://t.co/jgbMjC9iFC https://t.c‚Ä¶"
2022-06-19 23:48:34+00:00,MiftMas,RT @karimah1418: @AdenyQta @Aprilia68221885 @Alivia78274464 Beliau punya amanah untuk menyampaikan pesan mimpinya ke seluruh dunia.. ini sa‚Ä¶
2022-06-19 23:48:34+00:00,antaranews,Chelsea bidik lima bek termasuk Marc Cucurella https://t.co/L8LZp3Mfri
2022-06-19 23:48:33+00:00,azizazizi_,"RT @501Awani: ‚ÄúKalau saya sebut tentang nak keluarkan Kedah dari Malaysia saya akan kena tangkap, tetapi...""
#AWANInews #AWANI745 https://t‚Ä¶"
2022-06-19 23:48:33+00:00,antaranews,Indonesia hadapi 1.855 kejadian bencana alam sejak Januari https://t.co/SU0fS2o3Rv
2022-06-19 23:48:29+00:00,udangsausmanis,"Tapi menurut Direktur Jenderal HAM Prof. Harkristuti Harkrisnowo (guber hukum pidana UI), beberapa hukum adat itu b‚Ä¶ https://t.co/Kgd7Otgtmz"
2022-06-19 23:48:29+00:00,antarajateng,"PSSI dan LIB selidiki insiden suporter meninggal dunia di Bandung
https://t.co/LOEveelHTZ"
2022-06-19 23:48:23+00:00,Asepsupriadi114,@CNNIndonesia CeNn.....media oligarki..berita tergantung siapa yg bayar...wkwkwk
2022-06-19 23:48:21+00:00,bhp_semarang,"Kakanwil Kemenkumham Jateng A Yuspahruddin

Layanan Paspor Simpatik
https://t.co/7CgT1wUdRv

@Kemenkumham_RI‚Ä¶ https://t.co/fWFsI4X87a"
2022-06-19 23:48:09+00:00,AtletMalaysia,Nurul Izzah cipta sejarah di New Delhi | Berita Harian https://t.co/G3JQPiBh2W
2022-06-19 23:48:02+00:00,andikasuyandana,"RT @detikcom: Insiden tabrakan antara mobil Chevrolet dan ambulans terjadi di Medan. Akibat insiden itu, jenazah yang dibawa dalam ambulans‚Ä¶"
2022-06-19 23:48:01+00:00,bhp_semarang,"Kakanwil Kemenkumham Jateng A Yuspahruddin

Layanan Paspor Simpatik
https://t.co/EZexC2bO2R

@Kemenkumham_RI‚Ä¶ https://t.co/6MfS5uZQbA"
2022-06-19 23:47:52+00:00,90slovezeno,"RT @JNJMEnt: -jnjm selamat pagi nominist aku membawa kabar berita bahwa ternyata bukan cuma nana kemarin nyender ke nono, tapi nono juga me‚Ä¶"
2022-06-19 23:47:38+00:00,filzan,"Bismillah, selalu tebar kebaikan, prasangka baik, dekat orang baik,  jauhi keburukan, prasangka buruk  dan jangan h‚Ä¶ https://t.co/J0nH0vIlJV"
2022-06-19 23:47:36+00:00,ategeo,"RT @msaid_didu: Bapak Presiden yth, dampak dari kebijakan Bapak mengimpor daging/ternak dari negara blm bebas PMK akhirnya :
1) peternak ru‚Ä¶"
2022-06-19 23:47:34+00:00,LilyPuspaSari1,"RT @lpp_palembang: Tampil Cantik Dengan Nail Art dan Eyelash Karya WBP Lapas Perempuan Palembang Kemenkumham Sumsel

Info selengkapnya klik‚Ä¶"
2022-06-19 23:47:31+00:00,antarajateng,"Menag puji Wali Kota Semarang dukung revitalisasi KUA
https://t.co/9gMQl2V0JF"
2022-06-19 23:47:23+00:00,RidlwanSyarief,"RT @msaid_didu: Bapak Presiden yth, dampak dari kebijakan Bapak mengimpor daging/ternak dari negara blm bebas PMK akhirnya :
1) peternak ru‚Ä¶"
2022-06-19 23:47:19+00:00,ParimoMalik,RT @masbams70: Cak Imin ‚Å¶@cakimiNOW‚Å© soal Kerja Sama PKB-Gerindra: Demi Kebangkitan Indonesia Raya https://t.co/J2xqI86caA
2022-06-19 23:47:10+00:00,Yonz_lp,"RT @papa_loren: Kamu peenah denger PSI teriak ttg KORUPSI selain di jakarta? üòÇ

https://t.co/2KbJYI0dLv"
2022-06-19 23:47:04+00:00,chairman_GLC,@ikanmatabeso Nasib baik pagi ni terima berita gembira ü§£
2022-06-19 23:47:04+00:00,detikcom,"Dirjen WHO, Thedros Adanom Ghebreyesus sudah tiba di Yogyakarta. Kedatangan Thedros untuk menghadiri pertemuan pert‚Ä¶ https://t.co/9FfbzooZ2V"
2022-06-19 23:47:03+00:00,DPWSABanten,"RT @Sylvi4_Ang02: Mendingan gk usah...pak anies bisa di tinggal pendukungnya klo ada PSI..
https://t.co/6ibOUJ7jBe https://t.co/yihZUqvqv2"
2022-06-19 23:46:57+00:00,inong911,"@bumbelbi1999 @kartarahardja @TofaTofa_id and @TofaTofa_id lucu ya di negeri ini, seorang tersangka penyebar berita‚Ä¶ https://t.co/CMZzxL8G6A"
2022-06-19 23:46:57+00:00,dotoribnny2313,"RT @JNJMEnt: -jnjm selamat pagi nominist aku membawa kabar berita bahwa ternyata bukan cuma nana kemarin nyender ke nono, tapi nono juga me‚Ä¶"
2022-06-19 23:46:51+00:00,RonaldLampard8,"RT @__RismaWidiono_: Gubernur Jateng @ganjarpranowo : Orang Tua Saya Bu Mega. üáÆüá©‚ù§Ô∏èüëçüèª

@PDI_Perjuangan 

https://t.co/UxsmhTQrKa"
2022-06-19 23:46:48+00:00,dgrayi13,@Rosianna766Hi @FaisalBasri @febridiansyah @donalfariz @RasamalaArt Keinget ibuk yg kenal dan tahu BTS ya malah kar‚Ä¶ https://t.co/hVfLhPsMoy
2022-06-19 23:46:37+00:00,WiendAsmara,RT @Cintada16: Berita seperti ini yang saat ini sangat dibutuhkan untuk lebuh membangkitkan kembali semangat NKRIü•∞üá≤üá® https://t.co/294mnX8P1m
2022-06-19 23:46:30+00:00,KasanMulyono,"RT @Mdy_Asmara1701: Pemprov DKI Jakarta mengabadikan nama tokoh legenda Jakarta, Si Pitung menjadi nama jalan. Jalan Raya Kebayoran Lama di‚Ä¶"
2022-06-19 23:46:27+00:00,SKHery8,RT @Cintada16: Berita seperti ini yang saat ini sangat dibutuhkan untuk lebuh membangkitkan kembali semangat NKRIü•∞üá≤üá® https://t.co/294mnX8P1m
2022-06-19 23:46:23+00:00,ZPembayun,"RT @msaid_didu: Bapak Presiden yth, dampak dari kebijakan Bapak mengimpor daging/ternak dari negara blm bebas PMK akhirnya :
1) peternak ru‚Ä¶"
2022-06-19 23:46:15+00:00,NikkoRianto,"RT @SammiSoh: Breaking News

Geng motor para pemuda serang warga Cilincing, kepala Gangster tertancap celurit saat warga rampas sajam yg di‚Ä¶"
2022-06-19 23:46:11+00:00,nikassaaf,"RT @msaid_didu: Bapak Presiden yth, dampak dari kebijakan Bapak mengimpor daging/ternak dari negara blm bebas PMK akhirnya :
1) peternak ru‚Ä¶"
2022-06-19 23:46:04+00:00,Miichu_n,"GOOD MORNINGG. watashi baru sj habis dari goa, adakah berita yg membagongkan di minggu lalu?"
2022-06-19 23:46:03+00:00,mahathirr,"RT @detikcom: Menteri Pertanian Syahrul Yasin Limpo heran dengan harga cabai dan bawang merah yang melonjak tinggi. Pasalnya, stok cabai di‚Ä¶"
2022-06-19 23:45:57+00:00,MSNindonesia,Komplit Soal Akun WhatsApp Kita Diintai Orang: Gejala hingga Tips Mengamankan https://t.co/pLDKmtrHMB
2022-06-19 23:45:56+00:00,republikaonline,Forum Penyelamat Hutan Jawa menolak lahan hutan Jawa jadi objek reforma agraria. https://t.co/xcLKdmfX1T
2022-06-19 23:45:52+00:00,AjiRorong,"#PrabowoMuhaimin 
@cakimiNOW 
@DPP_PKB
@MarthamAntho
@IsmailMaga77
Bertemu di Kertanegara, Prabowo dan Cak Imin Ker‚Ä¶ https://t.co/ltjdSKKx63"
2022-06-19 23:45:47+00:00,RubyAzila,RT @PDemokrat: Ketum AHY mengenang sosok sang Ibundanya. Ia menyampaikan rasa rindunya kepada Ibu Ani Yudhoyono usai lebih dari 1.000 hari‚Ä¶
2022-06-19 23:45:45+00:00,SukitmanS,"RT @_sarifabdillah: Baca artikel detiknews, ""Cak Imin soal Kerja Sama PKB-Gerindra: Demi Kebangkitan Indonesia Raya"" selengkapnya https://t‚Ä¶"
2022-06-19 23:45:43+00:00,derp_gir,"RT @501Awani: ‚ÄúKalau saya sebut tentang nak keluarkan Kedah dari Malaysia saya akan kena tangkap, tetapi...""
#AWANInews #AWANI745 https://t‚Ä¶"
2022-06-19 23:45:42+00:00,RubyAzila,"RT @Mdy_Asmara1701: 1000 Hari Ani Yudhoyono Wafat, AHY: Kami Berusaha Menata Hati

Al-Fatihah untuk almarhumah Ibu Ani Yudhoyono üôè
https://‚Ä¶"
2022-06-19 23:45:39+00:00,DianSintawaty4,"RT @MMC_IDN2: Kateter Urine Bikin Ribut Dunia Kesehatan | MMC Millenials

Sob-sob, tau berita yang lagi viral itu gak sih. Itu lo berita ma‚Ä¶"
2022-06-19 23:45:38+00:00,nusabalicom,"Jalan Licin, Truk Pakan Lele Terguling di Tanjakan Sumbersari https://t.co/9ikvLoGTsK #berita #nusabali #Lakalantas #RemBlong #kecelakaan"
2022-06-19 23:45:36+00:00,Kiwi_bluee,"RT @wow_keren: Lisa BLACKPINK Nonton Konser (G)I-DLE, Kedekatan Bareng Keluarga Minnie Bikin Syok #Lisa https://t.co/jgbMjC9iFC https://t.c‚Ä¶"
2022-06-19 23:45:34+00:00,zarnaout45,"RT @msaid_didu: Bapak Presiden yth, dampak dari kebijakan Bapak mengimpor daging/ternak dari negara blm bebas PMK akhirnya :
1) peternak ru‚Ä¶"
2022-06-19 23:45:30+00:00,restiarwd,"RT @ravitho12: Beberapa jam kemudian, gw dikabarin kalo GW DITERIMA.ALHAMDULILLAH, orang pertama yang gw kasih tau itu Ibu gw, Ibu meluk gw‚Ä¶"
2022-06-19 23:45:26+00:00,rozlyana_,"RT @Muzuzxck: Jika kita dengar berita kematian, Islam mengajarkan kita supaya menyebut apa yang baik sahaja tanpa mengaitkan perkara yang t‚Ä¶"
2022-06-19 23:45:25+00:00,EkoSepu21260933,"RT @bams_1eng: Ratusan pelajar dan mahasiswa yang tergabung dalam Orang Muda Ganjar (OMG) Nusa Tenggara Timur, mendeklarasikan dukungannya‚Ä¶"
2022-06-19 23:45:23+00:00,SSyuban,RT @UmarChelseaa_: Kalau berita ini benar betapa mengerikannya dia ini ges https://t.co/VddUDd47Dj
2022-06-19 23:45:21+00:00,iskandarhelmi47,Bisnis News | Berita Logistik dan Transportasi https://t.co/aQnpvHB29a
2022-06-19 23:45:17+00:00,RubyAzila,"RT @RoyMNasution3: ""Mengenang almarhumah Ani Yudhoyono yang tentunya sangat dekat di hati &amp; pikiran kita semua. Semasa hidupnya dikenal pen‚Ä¶"
2022-06-19 23:45:10+00:00,SukitmanS,"RT @ninikwafiroh: Bismillah
Gus Muhaimin memastikan PKB siap berkontestasi dalam pesta demokrasi 2024.
@cakimiNOW @DPP_PKB 
https://t.co/8V‚Ä¶"
2022-06-19 23:45:02+00:00,roselyethan,"RT @SyedAkramin: Orang gila sahaja percaya berita macam ini. Cuba kau tanya rakyat Malaysia di pedalaman Sabah dan Sarawak, sudahkah kawasa‚Ä¶"
2022-06-19 23:44:41+00:00,swagylalisa,"RT @wow_keren: Lisa BLACKPINK Nonton Konser (G)I-DLE, Kedekatan Bareng Keluarga Minnie Bikin Syok #Lisa https://t.co/jgbMjC9iFC https://t.c‚Ä¶"
2022-06-19 23:44:35+00:00,SukitmanS,"RT @DPN_GEMASABA: Gus Muhaimin @cakimiNOW memastikan @DPP_PKB siap berkontestasi dalam pesta demokrasi 2024.
https://t.co/hoqQrkqSgC"
2022-06-19 23:44:15+00:00,Ratmangondhez1,"RT @__AnakKolong: Kalau Susilo Bambang Yudhoyono, Muhammad Jusuf Kalla &amp; Edhie Baskoro Yudhoyono diperiksa dan ditetapkan sebagai tersangka‚Ä¶"
2022-06-19 23:44:15+00:00,SukitmanS,RT @pkbbrebes: Inilah Gus Muhaimin santri tulen.. pemimpin partai yg tidak lupa dg para pendiri nya. Kami siap menjadi garda terdepan untuk‚Ä¶
2022-06-19 23:44:13+00:00,Kami_Kedah,RT @SinarOnline: Kemenangan itu sekali gus menyaksikan skuad Red Giants itu melonjak ke tangga keempat dan berkongsi mata dengan Kedah Daru‚Ä¶
2022-06-19 23:44:02+00:00,mrezzazul,RT @detikcom: Ketum PSSI Mochamad Iriawan atau yang akrab dipanggil Iwan Bule terang-terangan mendukung Ridwan Kamil maju menjadi capres 20‚Ä¶
2022-06-19 23:43:58+00:00,zuxylau,"RT @Mdy_Asmara1701: Pemprov DKI Jakarta mengabadikan nama tokoh legenda Jakarta, Si Pitung menjadi nama jalan. Jalan Raya Kebayoran Lama di‚Ä¶"
2022-06-19 23:43:49+00:00,SukitmanS,"RT @masbams70: Bertemu Kiai Khas &amp; Habaib Jatim, Ketum PKB ‚Å¶@cakimiNOW‚Å© Lapor Siap Berlaga di Pilpres https://t.co/8UcRLMKvYW"
2022-06-19 23:43:45+00:00,Kami_Kedah,"Malaysia merupakan negara yang mempunyai undang-undang, sekiranya wujud usaha untuk mengeluarkan mana-mana negeri d‚Ä¶ https://t.co/CrxmfQxfhg"
2022-06-19 23:43:41+00:00,vizhuo,@sulloyoon @vizhuo tapi kayaknya sampai sekarang belum ada berita apa-apa lagi ya? T_T
2022-06-19 23:43:26+00:00,republikaonline,"Sebelumnya, tenda-tenda di Arafah hanya beralaskan karpet. https://t.co/kUqg9wg8n5"
2022-06-19 23:43:25+00:00,SantorinisSun,"Opung LBP...sobat karib MBZ &amp; MBS!
https://t.co/jR8t96QEAr"
2022-06-19 23:43:25+00:00,AlayBerisik,"RT @papa_loren: Kamu peenah denger PSI teriak ttg KORUPSI selain di jakarta? üòÇ

https://t.co/2KbJYI0dLv"
2022-06-19 23:43:19+00:00,SukitmanS,"RT @billy4riez: Bertemu Kiai Khas &amp; Habaib Jatim, Ketum PKB Lapor Siap Berlaga di Pilpres https://t.co/0dJ2m9Dx7h"
2022-06-19 23:43:15+00:00,Sxnahh1,"RT @501Awani: Menurut Opie, Adibah menjadi penyelamat kepadanya apabila mencukupkan tabungannya ke tanah Suci untuk menunaikan umrah lebih‚Ä¶"
2022-06-19 23:43:08+00:00,AgnaUlya,RT @Cintada16: Berita seperti ini yang saat ini sangat dibutuhkan untuk lebuh membangkitkan kembali semangat NKRIü•∞üá≤üá® https://t.co/294mnX8P1m
2022-06-19 23:43:07+00:00,ariemessi,"RT @__AnakKolong: Kalau Susilo Bambang Yudhoyono, Muhammad Jusuf Kalla &amp; Edhie Baskoro Yudhoyono diperiksa dan ditetapkan sebagai tersangka‚Ä¶"
2022-06-19 23:43:07+00:00,diva_acm,"RT @Mdy_Asmara1701: Pemprov DKI Jakarta mengabadikan nama tokoh legenda Jakarta, Si Pitung menjadi nama jalan. Jalan Raya Kebayoran Lama di‚Ä¶"
2022-06-19 23:43:06+00:00,Syamsulhudaya75,"RT @Mdy_Asmara1701: Pemprov DKI Jakarta mengabadikan nama tokoh legenda Jakarta, Si Pitung menjadi nama jalan. Jalan Raya Kebayoran Lama di‚Ä¶"
2022-06-19 23:43:05+00:00,RubyAzila,"RT @PDemokrat: ""Mengenang almarhumah Ani Yudhoyono yang tentunya sangat dekat di hati &amp; pikiran kita semua. Semasa hidupnya dikenal penuh i‚Ä¶"
2022-06-19 23:43:01+00:00,detikcom,"Seorang warga menemukan tas plastik berisi bayi ditinggal di bangku warung kopi (warkop) kawasan Desa Nambuhan, Kec‚Ä¶ https://t.co/MLPI54avIk"
2022-06-19 23:42:53+00:00,suradiparlan5,"RT @bokute_maih: @Mdy_Asmara1701 Jangan membangun benda"" Mati yang Hanya bagus difoto.. üòã. 
Salam DPO%.

https://t.co/i4hs0MyuFH

Kualitas‚Ä¶"
2022-06-19 23:42:46+00:00,DilaShadylla,"RT @501Awani: Tiada kematian dilaporkan akibat COVID-19 pada Ahad menjadikan ia pertama kali sejak 18 Disember 2020, kata Menteri Kesihatan‚Ä¶"
2022-06-19 23:42:42+00:00,Muzi87734732,"RT @SulisWidjaya: RKUHP: Orang Demonstrasi Tanpa Izin Dipenjara 1 Tahun

Dimana hak menyatakan pendapat dimuka umum  dilindungi dan dijamin‚Ä¶"
2022-06-19 23:42:20+00:00,Atramescriptor,"Mungkinkah di sana, kau rasa bahagia? Atau malah sebaliknya?

Telah lama kita, tidak bertemu. Tak pernah ku dengar,‚Ä¶ https://t.co/r3tJhhVS4E"
2022-06-19 23:42:11+00:00,misguijedghost,"RT @Muzuzxck: Jika kita dengar berita kematian, Islam mengajarkan kita supaya menyebut apa yang baik sahaja tanpa mengaitkan perkara yang t‚Ä¶"
2022-06-19 23:42:00+00:00,sccssfulslacker,@ahtar85 @AdeNursaadah @galerimu @GunRomli Wkwk kok malah tanya tanah mn yang dirampas. Apa gk baca berita org ibad‚Ä¶ https://t.co/3FnQAnpDWs
2022-06-19 23:41:51+00:00,PiqShim,"RT @501Awani: Ia perlawanan liga pertama buat Brendan yang disahkan menghadapi kanser testis Julai tahun lepas.
#AWANInews #AWANIpagi

http‚Ä¶"
2022-06-19 23:41:47+00:00,shreyasbdwaj,Baca berita sedih banget di https://t.co/awfBdnSq9f
2022-06-19 23:41:28+00:00,SukitmanS,"RT @KangFathanNow: Bertemu Kiai Khas &amp; Habaib Jatim, Ketum PKB ‚Å¶@cakimiNOW‚Å© Lapor Siap Berlaga di Pilpres. 
#CakIminYess
https://t.co/K9f3M‚Ä¶"
2022-06-19 23:41:16+00:00,jabarekspres,Manfaat-Manfaat Luar Biasa Jalan Kaki bagi¬†Kesehatan https://t.co/14BY5W9ABS
2022-06-19 23:41:07+00:00,kompascom,Simak berita-berita populer dari HYPE https://t.co/4VOOkFiGyW sepanjang Minggu (19/6/2022). https://t.co/PNxHoeM2BX
2022-06-19 23:41:05+00:00,Riau24Com,Siapa Kawan Tandem Muhaimin Iskandar di Pilpres 2024? Ini Sinyal Dari PKB https://t.co/xq0QDQARUZ
2022-06-19 23:41:05+00:00,jatimNow,PJ Kades Torjunan Sampang meninggal misterius menjadi pilihan pembaca pada Minggu (19/6/2022). Lalu berita mobil Da‚Ä¶ https://t.co/k4bcxYKAAQ
2022-06-19 23:41:02+00:00,jpnncom,"5 berita terpopuler sepanjang Minggu (19/6) tentang ribuan honorer dirumahkan, pemda tak bisa berbuat apa-apa karen‚Ä¶ https://t.co/9MTvgkO3AK"
2022-06-19 23:40:37+00:00,OmarTara_2,RT @PDemokrat: Ketum AHY mengenang sosok sang Ibundanya. Ia menyampaikan rasa rindunya kepada Ibu Ani Yudhoyono usai lebih dari 1.000 hari‚Ä¶
2022-06-19 23:40:30+00:00,Muhmad_dean,RT @firdyfire: Percubaan keluarkan mana-mana negeri dari Malaysia merupakan jenayah - Tun Mahathir | Astro Awani https://t.co/MXef3rZLqp
2022-06-19 23:40:19+00:00,AnatiAmir,"RT @JNJMEnt: -jnjm selamat pagi nominist aku membawa kabar berita bahwa ternyata bukan cuma nana kemarin nyender ke nono, tapi nono juga me‚Ä¶"
2022-06-19 23:40:15+00:00,__KangMasMo3__,"RT @papa_loren: Kamu peenah denger PSI teriak ttg KORUPSI selain di jakarta? üòÇ

https://t.co/2KbJYI0dLv"
2022-06-19 23:40:14+00:00,republikaonline,Membangun tol di kawasan Puncak akan menimbulkan persoalan lingkungan. https://t.co/IYtw6P8aix
2022-06-19 23:40:11+00:00,mamamciki,"RT @Ari_Boyy: @Askrlfess Liat berita ini aj nyesek di tiktok, mw nangis rasany. Ini ma bukan teledor, tapi emang sengaja, coba kalau berita‚Ä¶"
2022-06-19 23:40:10+00:00,KakeK_dx,RT @Cintada16: Berita seperti ini yang saat ini sangat dibutuhkan untuk lebuh membangkitkan kembali semangat NKRIü•∞üá≤üá® https://t.co/294mnX8P1m
2022-06-19 23:40:02+00:00,beritabumiayu,Willis Stiyoso Kembali Terpilih Secara Aklamasi Menjadi ketua Sapma Paguyangan ¬† https://t.co/WXApW4FtRw
2022-06-19 23:40:00+00:00,Lambada70082178,"Hehehe yakinlah, pada akhirnya semua akan bermuara pd satu titik sentral. Dan PDIP lah sentralnya.  https://t.co/UZpGakxHTO"
2022-06-19 23:39:48+00:00,Kumoro50506414,@democrazymedia Klo benar berita itu bencana besar aka terjadi mungkin bisa jadi rusuh negri ini
2022-06-19 23:39:47+00:00,Ranger_Ichsan,"RT @papa_loren: Kamu peenah denger PSI teriak ttg KORUPSI selain di jakarta? üòÇ

https://t.co/2KbJYI0dLv"
2022-06-19 23:39:44+00:00,Izzatscarlet,"RT @501Awani: ‚ÄúKalau saya sebut tentang nak keluarkan Kedah dari Malaysia saya akan kena tangkap, tetapi...""
#AWANInews #AWANI745 https://t‚Ä¶"
2022-06-19 23:39:42+00:00,miraalexn,"RT @JNJMEnt: -jnjm selamat pagi nominist aku membawa kabar berita bahwa ternyata bukan cuma nana kemarin nyender ke nono, tapi nono juga me‚Ä¶"
2022-06-19 23:39:35+00:00,gu_andtur,RT @kemenkumhamjtg: KAKANWIL A YUSPAHRUDDIN KEMENKUMHAM JATENG: Ombudsman Sebut Kanwil Kemenkumham Jateng Sigap Layani Catar Poltekip dan P‚Ä¶
2022-06-19 23:39:32+00:00,GoRiauCom,"RT @GoRiauCom: Tinjau Progres Perbaikan Jembatan Gantung di Kemuning, Bupati Wardan: Sudah Dapat Digunakan https://t.co/kVPHi04l7s #GoRiau"
2022-06-19 23:39:05+00:00,Vidyanbanizian,@endro1908 milenkovic... makanya w aga rela lepasin skriniar juga ya gara2 berita ditawarin hakimi ntu. sumpah nyar‚Ä¶ https://t.co/YeKxo7e31d
2022-06-19 23:39:04+00:00,herman_ghitu,"RT @billy4riez: Bertemu Kiai Khas &amp; Habaib Jatim, Ketum PKB Lapor Siap Berlaga di Pilpres https://t.co/0dJ2m9Dx7h"
2022-06-19 23:39:04+00:00,RashidMuchtar,RT @Abaaah: AHY Kenang Ani Yudhoyono: Ibu Adalah Cinta Pertama Kami https://t.co/8lkbe5qdTG
2022-06-19 23:38:48+00:00,WF10051729,"RT @Mdy_Asmara1701: Pemprov DKI Jakarta mengabadikan nama tokoh legenda Jakarta, Si Pitung menjadi nama jalan. Jalan Raya Kebayoran Lama di‚Ä¶"
2022-06-19 23:38:32+00:00,pepesdaun,pepesan.. 5 Aktivitas Seru yang Bisa Dilakukan di Alun-Alun Kidul Yogyakarta - MSN https://t.co/1B891ki90C
2022-06-19 23:38:32+00:00,republikaonline,Jumlah bonus sebesar 14 persen dari gaji yang dihitung per tahun. https://t.co/8mv2ZNaPxF
2022-06-19 23:38:32+00:00,rustrijateng,Salam... Berita Kategori JAWA TENGAH - Grafika News https://t.co/IIGGaAfIt6
2022-06-19 23:38:21+00:00,RashidMuchtar,"RT @PDemokrat: ""Mengenang almarhumah Ani Yudhoyono yang tentunya sangat dekat di hati &amp; pikiran kita semua. Semasa hidupnya dikenal penuh i‚Ä¶"
2022-06-19 23:38:12+00:00,Cak_Didi,"RT @billy4riez: Bertemu Kiai Khas &amp; Habaib Jatim, Ketum PKB Lapor Siap Berlaga di Pilpres https://t.co/0dJ2m9Dx7h"
2022-06-19 23:37:57+00:00,DailyPahang,"YAB Perdana Menteri, Dato‚Äô Sri Ismail Sabri Yaakob tidak menolak kemungkinan Pilihan Raya Umum Ke-15 (PRU-15) diada‚Ä¶ https://t.co/rLPn3feujz"
2022-06-19 23:37:53+00:00,izzatizafuan,"RT @Muzuzxck: Jika kita dengar berita kematian, Islam mengajarkan kita supaya menyebut apa yang baik sahaja tanpa mengaitkan perkara yang t‚Ä¶"
2022-06-19 23:37:42+00:00,rahmadrhmd1,@FNt70 @MNW_MNW_MNW Berita lama jangan buat keganduhan baru.
2022-06-19 23:37:30+00:00,kutipanbldn,"@DiptraD @Pai_C1AB ap yg saya terangkan adlh sesuai dengan ap yg menjadi definisi disini, ap yg menjadi definisi ""d‚Ä¶ https://t.co/uMEH8RT8Hk"
2022-06-19 23:37:23+00:00,tutiktolani,"RT @msaid_didu: Bapak Presiden yth, dampak dari kebijakan Bapak mengimpor daging/ternak dari negara blm bebas PMK akhirnya :
1) peternak ru‚Ä¶"
2022-06-19 23:37:09+00:00,RMaydessa,"RT @SulisWidjaya: RKUHP: Orang Demonstrasi Tanpa Izin Dipenjara 1 Tahun

Dimana hak menyatakan pendapat dimuka umum  dilindungi dan dijamin‚Ä¶"
2022-06-19 23:36:59+00:00,jakaudahnikah,"RT @papa_loren: Kamu peenah denger PSI teriak ttg KORUPSI selain di jakarta? üòÇ

https://t.co/2KbJYI0dLv"
2022-06-19 23:36:51+00:00,SenahDebab,"RT @apanakdikato: Bab ni aku mmg puji atok, hanya dia je yg berani.... ü§≠

https://t.co/s1T0Gaw3rI"
2022-06-19 23:36:46+00:00,lpp_palembang,"Tampil Cantik Dengan Nail Art dan Eyelash Karya WBP Lapas Perempuan Palembang Kemenkumham Sumsel

Info selengkapnya‚Ä¶ https://t.co/aBv1eOWeF3"
2022-06-19 23:36:41+00:00,ekonindo2,"RT @tvOneNews: Pemerintah Arab Saudi menyita mainan, pakaian, dan benda lainnya yang berwarna pelangi dalam upaya menolak keberadaan LGBT.‚Ä¶"
2022-06-19 23:36:38+00:00,shahirter,"RT @Muzuzxck: Jika kita dengar berita kematian, Islam mengajarkan kita supaya menyebut apa yang baik sahaja tanpa mengaitkan perkara yang t‚Ä¶"
2022-06-19 23:36:38+00:00,chandrapirda,RT @Cintada16: Berita seperti ini yang saat ini sangat dibutuhkan untuk lebuh membangkitkan kembali semangat NKRIü•∞üá≤üá® https://t.co/294mnX8P1m
2022-06-19 23:36:30+00:00,andreas_dhany,RT @Cintada16: Berita seperti ini yang saat ini sangat dibutuhkan untuk lebuh membangkitkan kembali semangat NKRIü•∞üá≤üá® https://t.co/294mnX8P1m
2022-06-19 23:36:27+00:00,Shah63525853,"RT @MySamudera: Ahmad Manasra, seorang banduan Palestin berumur 20 tahun disahkan menghidap masalah kesihatan mental serius akibat dipenjar‚Ä¶"
2022-06-19 23:36:24+00:00,arekiddo,"RT @Muzuzxck: Jika kita dengar berita kematian, Islam mengajarkan kita supaya menyebut apa yang baik sahaja tanpa mengaitkan perkara yang t‚Ä¶"
2022-06-19 23:36:20+00:00,detik_sumut,WTP Simarmata Pendeta yang Perjuangkan Banyak Umat https://t.co/e2SDsSdMos
2022-06-19 23:36:14+00:00,ogysugiyono,"Gus Muhaimin memastikan PKB siap berkontestasi dalam pesta demokrasi 2024.

#GusMuhaiminPresiden2024
https://t.co/9XWFiONU11"
2022-06-19 23:36:08+00:00,boedjenk,"RT @SulisWidjaya: RKUHP: Orang Demonstrasi Tanpa Izin Dipenjara 1 Tahun

Dimana hak menyatakan pendapat dimuka umum  dilindungi dan dijamin‚Ä¶"
2022-06-19 23:35:36+00:00,antonius_jeri,"RT @pengarang_sajak: Next Jateng 1..

üëá

https://t.co/KTyKnZBhga"
2022-06-19 23:35:28+00:00,RelawanUMKM,RT @detikcom: Grace Natalie menegaskan partainya tidak akan mendukung Gubernur DKI Jakarta Anies Baswedan maju sebagai capres pada Pemilu 2‚Ä¶
2022-06-19 23:35:10+00:00,kumparan,Sejumlah peristiwa penting dan menarik pada Minggu (19/6) telah kumparan rangkum dalam 5 berita populer berikut. Ap‚Ä¶ https://t.co/F8yf4ubTrq
2022-06-19 23:34:58+00:00,PrimaVardhana,"RT @SulisWidjaya: RKUHP: Orang Demonstrasi Tanpa Izin Dipenjara 1 Tahun

Dimana hak menyatakan pendapat dimuka umum  dilindungi dan dijamin‚Ä¶"
2022-06-19 23:34:45+00:00,republikaonline,Mereka tiba melalui jalur udara dan darat. https://t.co/VkoyrAe0l3
2022-06-19 23:34:41+00:00,mpoobalan,"RT @501Awani: Tiada kematian dilaporkan akibat COVID-19 pada Ahad menjadikan ia pertama kali sejak 18 Disember 2020, kata Menteri Kesihatan‚Ä¶"
2022-06-19 23:34:38+00:00,masbrobolali,"RT @__AnakKolong: Kalau Susilo Bambang Yudhoyono, Muhammad Jusuf Kalla &amp; Edhie Baskoro Yudhoyono diperiksa dan ditetapkan sebagai tersangka‚Ä¶"
2022-06-19 23:34:38+00:00,Anderestu1,RT @republikaonline: Islam jadi solusi penawar terhadap beragam problem dunia modern seperti sekularisasi  https://t.co/3pJggfHwJE
2022-06-19 23:34:22+00:00,republikaonline,Munas berharap PDIP tetapkan Ganjar dan Puan sebagai Presiden dan Wakil Presiden 2024 https://t.co/7jYlPy6pdy
2022-06-19 23:34:16+00:00,fadhilayman,RT @firdyfire: Percubaan keluarkan mana-mana negeri dari Malaysia merupakan jenayah - Tun Mahathir | Astro Awani https://t.co/MXef3rZLqp
2022-06-19 23:34:11+00:00,Ranimohd1,"RT @JPenerangan: serta beberapa agensi iaitu di Jabatan Penyiaran Malaysia (RTM), Pertubuhan Berita Nasional Malaysia (BERNAMA) dan Institu‚Ä¶"
2022-06-19 23:34:00+00:00,elfynarosa,"RT @ravitho12: Beberapa jam kemudian, gw dikabarin kalo GW DITERIMA.ALHAMDULILLAH, orang pertama yang gw kasih tau itu Ibu gw, Ibu meluk gw‚Ä¶"
2022-06-19 23:33:35+00:00,detikcom,Ketua Umum PDI Perjuangan Megawati Soekarnoputri dan Ketua DPR RI Puan Maharani ternyata juga menyarankan Wali Kota‚Ä¶ https://t.co/5Rccs749t4
2022-06-19 23:33:29+00:00,v14nzone,"RT @detikcom: Insiden tabrakan antara mobil Chevrolet dan ambulans terjadi di Medan. Akibat insiden itu, jenazah yang dibawa dalam ambulans‚Ä¶"
2022-06-19 23:33:29+00:00,republikaonline,Pendidikan politik sebagai pemenuhan hak politik bagi disabilitas perlu dilakukan. https://t.co/zTAfr36uEm
2022-06-19 23:33:27+00:00,KNVB18,"CC para Ketum...
@PDI_Perjuangan , @PartaiGolkar , @PKSejahtera , @Gerindra , @NasDem , @DPP_PKB ,@DPP_PPP ,‚Ä¶ https://t.co/fmkhasDGnZ"
2022-06-19 23:33:26+00:00,Jerarudo1,"RT @501Awani: ""Bahasa Inggeris penting namun kita tetap perlu menguasai kedua-dua bahasa dengan baik.""
#AWANInews #AWANIpagi 

https://t.co‚Ä¶"
2022-06-19 23:33:24+00:00,asep_adang,"RT @Mdy_Asmara1701: Pemprov DKI Jakarta mengabadikan nama tokoh legenda Jakarta, Si Pitung menjadi nama jalan. Jalan Raya Kebayoran Lama di‚Ä¶"
2022-06-19 23:33:22+00:00,rubinder_singh_,"RT @khalids: Berita Buruk 
Illuminati/Freemason dah ambil alih dunia &amp; menguasai majoriti semua negara/institusi global

Berita Baik
Diaora‚Ä¶"
2022-06-19 23:33:04+00:00,republikaonline,PM Israel mengingatkan warganya untuk menjaga diri. https://t.co/1EpUsa5fOq
2022-06-19 23:33:04+00:00,antaranews,Vinicius Junior tolak bermain di Inggris https://t.co/KAliUnHeI2
2022-06-19 23:33:03+00:00,Riau24Com,Hari Ini PKS Bahas Peluang Koalisi Hingga Capres 2024 https://t.co/PmpIrJD5AX
2022-06-19 23:33:02+00:00,antaranews,MU ajukan penawaran kedua untuk Frenkie de Jong https://t.co/WARis1oVKy
2022-06-19 23:32:52+00:00,amaninaisme,"RT @Muzuzxck: Jika kita dengar berita kematian, Islam mengajarkan kita supaya menyebut apa yang baik sahaja tanpa mengaitkan perkara yang t‚Ä¶"
2022-06-19 23:32:51+00:00,republikaonline,"Lebih dari 30.000 hektare telah terlahap api di Zamora, Spanyol. https://t.co/tb8ILrdnCF"
2022-06-19 23:32:40+00:00,501Awani,"""Bahasa Inggeris penting namun kita tetap perlu menguasai kedua-dua bahasa dengan baik.""
#AWANInews #AWANIpagi 

https://t.co/dBop3c8vrn"
2022-06-19 23:32:37+00:00,areefiy,"RT @501Awani: ""Keutamaan kita di Perlis adalah setiap perkara perlu berteraskan al-Quran dan sunah.""

#AWANInews #AWANIpagi

https://t.co/v‚Ä¶"
2022-06-19 23:32:24+00:00,meysifloer,"RT @JNJMEnt: -jnjm selamat pagi nominist aku membawa kabar berita bahwa ternyata bukan cuma nana kemarin nyender ke nono, tapi nono juga me‚Ä¶"
2022-06-19 23:32:15+00:00,herrikusnadi,"RT @detikcom: ""PSI tidak akan mendukung Mas Anies di Pilpres 2024. Kami memeluk teguh prinsip antiintoleransi dan antikorupsi,"" kata Grace‚Ä¶"
2022-06-19 23:32:09+00:00,chakraWijaya3,"RT @SulisWidjaya: RKUHP: Orang Demonstrasi Tanpa Izin Dipenjara 1 Tahun

Dimana hak menyatakan pendapat dimuka umum  dilindungi dan dijamin‚Ä¶"
2022-06-19 23:32:00+00:00,radiovolare,"Mari dengarkan serangkaian berita dan informasi menarik dari Indonesia, Amerika dan dunia di VOA This Morning‚Ä¶ https://t.co/LZcatGfee0"
2022-06-19 23:31:55+00:00,bajoelz_99,"RT @KoRnHurri: 2. ""Kami berencana melaporkan kegiatan ini ke ranah hukum, karna logo Ansor diubah, karena diberi nama Ikatan Alumni GP Anso‚Ä¶"
2022-06-19 23:31:43+00:00,SaveEar52249625,@yo2thok Berita gak jelas
2022-06-19 23:31:29+00:00,NurwahidSanti,@ropspimajainal Sengaja banget Skenarioya menyebarkan berita palsu yang menyudutkan pemerintahan yang sah.
2022-06-19 23:31:23+00:00,NurwahidSanti,@ropspimajainal Sengaja banget Skenarioya menyebarkan berita palsu yang menyudutkan pemerintahan yang sah.
2022-06-19 23:31:17+00:00,AmdBadarudin,"RT @Mdy_Asmara1701: Pemprov DKI Jakarta mengabadikan nama tokoh legenda Jakarta, Si Pitung menjadi nama jalan. Jalan Raya Kebayoran Lama di‚Ä¶"
2022-06-19 23:31:10+00:00,JokoSus32244545,RT @Cintada16: Berita seperti ini yang saat ini sangat dibutuhkan untuk lebuh membangkitkan kembali semangat NKRIü•∞üá≤üá® https://t.co/294mnX8P1m
2022-06-19 23:31:07+00:00,tutysusatya,"RT @papa_loren: Kamu peenah denger PSI teriak ttg KORUPSI selain di jakarta? üòÇ

https://t.co/2KbJYI0dLv"
2022-06-19 23:31:06+00:00,daniel4g,RT @Cintada16: Berita seperti ini yang saat ini sangat dibutuhkan untuk lebuh membangkitkan kembali semangat NKRIü•∞üá≤üá® https://t.co/294mnX8P1m
2022-06-19 23:30:59+00:00,JokoSus32244545,"RT @Wahyu_Di_nn13: üëâüëçüëçüëçhttps://t.co/IIf44SeSO2

PSI menegaskan tak akan mendukung Anies di Pemilu 2024."
2022-06-19 23:30:52+00:00,KLSayang,Pelakon lelaki yang direman tiga hari semalam selepas menumbuk dan menendang pengawal keselamatan di kondominium di‚Ä¶ https://t.co/9P7OSf9xLU
2022-06-19 23:30:50+00:00,Eiibi1Eiibi11,"RT @wow_keren: Lisa BLACKPINK Nonton Konser (G)I-DLE, Kedekatan Bareng Keluarga Minnie Bikin Syok #Lisa https://t.co/jgbMjC9iFC https://t.c‚Ä¶"
2022-06-19 23:30:42+00:00,radio_kotabatik,"Ayo dengarkan informasi terbaru Kota Pekalongan dan sekitarnya di #RKBPagi edisi :
üìÜ Senin, 20 Juni 2022
üïï pukul 06‚Ä¶ https://t.co/399lMgFrLs"
2022-06-19 23:30:39+00:00,Amonrat90381881,"RT @wow_keren: Lisa BLACKPINK Nonton Konser (G)I-DLE, Kedekatan Bareng Keluarga Minnie Bikin Syok #Lisa https://t.co/jgbMjC9iFC https://t.c‚Ä¶"
2022-06-19 23:30:34+00:00,jubidotcom,Berita Papua // Kemendagri dorong pemda anggarkan mesin ADM percepat pendataan https://t.co/bFKdoW3yFv https://t.co/hvTUg7ii8E
2022-06-19 23:30:32+00:00,hjhwafoamie,@JTrasne @AREAJULID Ga main sangka kak. Padahal aku cuma bilang serem doang. Lagian yang salah itu yang nyebarin berita nya kak
2022-06-19 23:30:28+00:00,Wentri7,"@dailynaver Ini orang kalau soal garam pasti gercep dia bikin caption nya selalu pengen ngejelek jelekin, anehh uda‚Ä¶ https://t.co/Xg9cnZuilF"
2022-06-19 23:30:28+00:00,Hopenot12849786,"RT @wow_keren: Lisa BLACKPINK Nonton Konser (G)I-DLE, Kedekatan Bareng Keluarga Minnie Bikin Syok #Lisa https://t.co/jgbMjC9iFC https://t.c‚Ä¶"
2022-06-19 23:30:23+00:00,Samira4203,"@yugo79pati @tatakujiyati Profil aja merah putih,tapi otake dodol,berita lumutan lo post buat nyerang anies.dasar bangke"
2022-06-19 23:30:03+00:00,Bhuz11,"RT @ravitho12: Beberapa jam kemudian, gw dikabarin kalo GW DITERIMA.ALHAMDULILLAH, orang pertama yang gw kasih tau itu Ibu gw, Ibu meluk gw‚Ä¶"
2022-06-19 23:30:00+00:00,77bayoe,RT @GagakNew: Terus berita begini yg membuat Woooowww itu apanya..? Dr masalah Haji tanpa di biayayai Negara atau Soeharto di sambut meriah‚Ä¶
2022-06-19 23:30:00+00:00,inewsdotid,"Bonek Bantu Korban Kecelakaan di Tol Jombang, Wali Kota Surabaya: Salam Satu Nyali
https://t.co/HXCpa4IMsL"
2022-06-19 23:29:51+00:00,republikaonline,"Selain sholat, akan ada makanan dan berbagai kegiatan ramah keluarga. https://t.co/4TrIWN7iS7"
2022-06-19 23:29:49+00:00,amirahim12,RT @nungsari: Tak boleh ‚Äòleave‚Äô. Admin buang boleh kot? Percubaan keluarkan mana-mana negeri dari Malaysia merupakan jenayah - Tun Mahathir‚Ä¶
2022-06-19 23:29:40+00:00,iJicsung,"RT @JNJMEnt: -jnjm selamat pagi nominist aku membawa kabar berita bahwa ternyata bukan cuma nana kemarin nyender ke nono, tapi nono juga me‚Ä¶"
2022-06-19 23:29:35+00:00,adith_hafiidh,".disaat aku sendiri selalu sunyi sepi bersama indahnya cinta tulus dan suci
.sayangku kapankan bertemu dimana kini‚Ä¶ https://t.co/2SemVnXCxQ"
2022-06-19 23:29:21+00:00,Ananana0813,"RT @JNJMEnt: -jnjm selamat pagi nominist aku membawa kabar berita bahwa ternyata bukan cuma nana kemarin nyender ke nono, tapi nono juga me‚Ä¶"
2022-06-19 23:29:17+00:00,SartonoHutomo,RT @PDemokrat: Ketum AHY mengenang sosok sang Ibundanya. Ia menyampaikan rasa rindunya kepada Ibu Ani Yudhoyono usai lebih dari 1.000 hari‚Ä¶
2022-06-19 23:29:13+00:00,Aquahenn,"RT @JNJMEnt: -jnjm selamat pagi nominist aku membawa kabar berita bahwa ternyata bukan cuma nana kemarin nyender ke nono, tapi nono juga me‚Ä¶"
2022-06-19 23:29:11+00:00,hjhwafoamie,@nAnm98 @erenvogue Kurang tau kak. Katanya ada yang bilang itu salah nyebarin berita
2022-06-19 23:29:08+00:00,kherolnuar,"RT @501Awani: ‚ÄúKalau saya sebut tentang nak keluarkan Kedah dari Malaysia saya akan kena tangkap, tetapi...""
#AWANInews #AWANI745 https://t‚Ä¶"
2022-06-19 23:29:03+00:00,detikfinance,Masyarakat yang ingin berkurban diimbau agar meningkatkan kewaspadaan dan kejelian saat membeli hewan kurban. https://t.co/g0FInMrwFP
2022-06-19 23:29:03+00:00,RonefZone,"RT @HAMZAH_ALBANTEN: AKU INGIN PERGI HAJI, ..üïã
(JIKA ALLAH KEHENDAKI PASTI DIMUDAHKAN)

Kisah haji yang luar biasa. Pria ini berasal dari G‚Ä¶"
2022-06-19 23:29:00+00:00,MySamudera,"Ahmad Manasra, seorang banduan Palestin berumur 20 tahun disahkan menghidap masalah kesihatan mental serius akibat‚Ä¶ https://t.co/IpgtUGYWVX"
2022-06-19 23:28:47+00:00,piyuanker12,RT @antaranews: Sebanyak 1.024 ternak di Aceh Barat terjangkit PMK https://t.co/eQeZ6d4Lbw
2022-06-19 23:28:44+00:00,MySamudera,Menteri di Jabatan Perdana Menteri (Ekonomi) Datuk Seri Mustapa Mohamed yakin tiada lagi rakyat miskin tegar menjel‚Ä¶ https://t.co/ZGw8WB61mr
2022-06-19 23:28:36+00:00,BendOll02708591,RT @HusinShihab: Pernah dipenjara karna beberapa kasus hoax soal provokasi tni dan polri dan uu omnibus law. Sebab berita bohong itulah kac‚Ä¶
2022-06-19 23:28:16+00:00,Zahrasy29173429,"RT @MMC_IDN2: Kateter Urine Bikin Ribut Dunia Kesehatan | MMC Millenials

Sob-sob, tau berita yang lagi viral itu gak sih. Itu lo berita ma‚Ä¶"
2022-06-19 23:27:58+00:00,RecehanNegeri,"RT @pengarang_sajak: Next Jateng 1..

üëá

https://t.co/KTyKnZBhga"
2022-06-19 23:27:57+00:00,GagakNew,Terus berita begini yg membuat Woooowww itu apanya..? Dr masalah Haji tanpa di biayayai Negara atau Soeharto di sam‚Ä¶ https://t.co/pmqiCzEHOY
2022-06-19 23:27:48+00:00,krupuklover,RT @GeiszChalifah: Nama Anies Diteriaki 'Presiden' dalam Rakernas NasDem https://t.co/U28lXvrSqP
2022-06-19 23:27:42+00:00,sayanojae,"RT @JNJMEnt: -jnjm selamat pagi nominist aku membawa kabar berita bahwa ternyata bukan cuma nana kemarin nyender ke nono, tapi nono juga me‚Ä¶"
2022-06-19 23:27:05+00:00,MengejarPelang4,"RT @detikcom: Efek obat bius sehabis operasi konon bisa bikin pasien meracau nggak keruan. Tapi yang dialami Amel berbeda, meracaunya justr‚Ä¶"
2022-06-19 23:26:45+00:00,reza_irf,"Gak ada Alumni IPNU-IPPNU, kalo selesai khidmat ya pindah ke Ansor-Fatayat.
Gak ada Alumni Ansor-Fatayat, kalo sele‚Ä¶ https://t.co/Nn808pcmMq"
2022-06-19 23:26:44+00:00,ShahmiSyuhada,RT @501Awani: Polis terdahulu telah mengesan satu hantaran yang tular di laman Twitter berkaitan konvoi motosikal berkenaan. #AWANInews #AW‚Ä¶
2022-06-19 23:26:39+00:00,tinodjan,RT @Cintada16: Berita seperti ini yang saat ini sangat dibutuhkan untuk lebuh membangkitkan kembali semangat NKRIü•∞üá≤üá® https://t.co/294mnX8P1m
2022-06-19 23:26:35+00:00,dewinugrahagma1,RT @Cintada16: Berita seperti ini yang saat ini sangat dibutuhkan untuk lebuh membangkitkan kembali semangat NKRIü•∞üá≤üá® https://t.co/294mnX8P1m
2022-06-19 23:26:33+00:00,Hadighani16,"RT @JPenerangan: serta beberapa agensi iaitu di Jabatan Penyiaran Malaysia (RTM), Pertubuhan Berita Nasional Malaysia (BERNAMA) dan Institu‚Ä¶"
2022-06-19 23:26:31+00:00,saidhanafi,"RT @501Awani: ‚ÄúKalau saya sebut tentang nak keluarkan Kedah dari Malaysia saya akan kena tangkap, tetapi...""
#AWANInews #AWANI745 https://t‚Ä¶"
2022-06-19 23:26:30+00:00,ddoingdoyi,"RT @JNJMEnt: -jnjm selamat pagi nominist aku membawa kabar berita bahwa ternyata bukan cuma nana kemarin nyender ke nono, tapi nono juga me‚Ä¶"
2022-06-19 23:26:27+00:00,RecehanNegeri,RT @Cintada16: Berita seperti ini yang saat ini sangat dibutuhkan untuk lebuh membangkitkan kembali semangat NKRIü•∞üá≤üá® https://t.co/294mnX8P1m
2022-06-19 23:26:19+00:00,JapenKulim,"RT @JPenerangan: serta beberapa agensi iaitu di Jabatan Penyiaran Malaysia (RTM), Pertubuhan Berita Nasional Malaysia (BERNAMA) dan Institu‚Ä¶"
2022-06-19 23:26:00+00:00,wahyuyl,RT @Cintada16: Berita seperti ini yang saat ini sangat dibutuhkan untuk lebuh membangkitkan kembali semangat NKRIü•∞üá≤üá® https://t.co/294mnX8P1m
2022-06-19 23:25:58+00:00,tomaysyah,RT @fullmoonfolks: Gara2 ribut2 PSK tadi jadi merhatiin foto2 PSK di artikel2 berita; paling ngga di tirto nanti mau gua buat peraturan kal‚Ä¶
2022-06-19 23:25:51+00:00,ajengcute16__,RT @OssyDermawan: SBY Pamer Lukisan Karyanya di Acara Mengenang Almarhumah Ani Yudhoyono https://t.co/GjFWnJXk0n
2022-06-19 23:25:49+00:00,MokhlasL,"RT @Mdy_Asmara1701: Pemprov DKI Jakarta mengabadikan nama tokoh legenda Jakarta, Si Pitung menjadi nama jalan. Jalan Raya Kebayoran Lama di‚Ä¶"
2022-06-19 23:25:41+00:00,Andreas_AdyM,"RT @pengarang_sajak: Next Jateng 1..

üëá

https://t.co/KTyKnZBhga"
2022-06-19 23:25:37+00:00,Jayandaru2020,"@setyoNurma @alisyarief Selama tiga hari kunjungan, Menko Marinvest secara intens bertemu dengan kedua pemimpin Ker‚Ä¶ https://t.co/p4RQURC2MQ"
2022-06-19 23:25:24+00:00,DefUncle,"RT @satriohendri: Saat Ganjar mencalonkan diri sebagai Gubernur Jawa Tengah, panglima di lapangannya Puan Maharani. Jadi dibantu waktu itu‚Ä¶"
2022-06-19 23:25:23+00:00,SartonoHutomo,SBY Pamer Lukisan Karyanya di Acara Mengenang Almarhumah Ani Yudhoyono | Republika Online Mobile https://t.co/41GZOViQ1P
2022-06-19 23:25:22+00:00,republikaonline,Dia merupakan saudara perempuan Qais bin Al-Hathim. https://t.co/nKBs623RFJ
2022-06-19 23:25:19+00:00,detikoto,#MostPopuler Sirkuit Formula E Ancol Mau Dipinjam untuk Gelar Balapan Jalanan https://t.co/nX3glMPDim
2022-06-19 23:25:10+00:00,apreiskagilang,RT @detikcom: Gibran Rakabuming Raka mengungkap fakta lain dari pertemuannya dengan Prabowo. Salah satunya saran Prabowo agar Gibran maju P‚Ä¶
2022-06-19 23:25:01+00:00,naeunadora,"RT @Muzuzxck: Jika kita dengar berita kematian, Islam mengajarkan kita supaya menyebut apa yang baik sahaja tanpa mengaitkan perkara yang t‚Ä¶"
2022-06-19 23:24:59+00:00,SartonoHutomo,RT @OssyDermawan: SBY Pamer Lukisan Karyanya di Acara Mengenang Almarhumah Ani Yudhoyono https://t.co/GjFWnJXk0n
2022-06-19 23:24:49+00:00,mrbhsr,"RT @BNGPY: Ini berita lama tahun 2018, dan terbukti bukan pasangan sejenis melainkan dua orang pria yang mencoba narkoba kali pertama lalu‚Ä¶"
2022-06-19 23:24:46+00:00,elansuh34270070,"RT @mamang_opik: @BiLLRaY2020 Cebong miskin kuota,
Makanan kaya begitu buat APBN Arab Saudi ga ada apa2nya, Pir !biasakan kasih link berita‚Ä¶"
2022-06-19 23:24:46+00:00,devil8010,"@kitty_some @soc_pasutri @ramerameparty please bro smart dikit, yg aku garisbawahi hati hati dokumentasi anda rawan‚Ä¶ https://t.co/b2qZ4c7WwC"
2022-06-19 23:24:41+00:00,narsvis,"RT @JNJMEnt: -jnjm selamat pagi nominist aku membawa kabar berita bahwa ternyata bukan cuma nana kemarin nyender ke nono, tapi nono juga me‚Ä¶"
2022-06-19 23:24:41+00:00,kompascom,"Soal kasus penggelapan aset Tamara Bleszynski, hingga anggota Brimob tewas; berikut berita yang menjadi sorotan pad‚Ä¶ https://t.co/WHtuPk5udB"
2022-06-19 23:24:17+00:00,detikoto,Sirkuit Formula E Ancol Mau Dipinjam untuk Gelar Balapan Jalanan https://t.co/onFgG9IzxH
2022-06-19 23:24:12+00:00,republikaonline,Ombudsman berencana mengumumkan hasil investigasi migor pada Juli. https://t.co/GGYxxBuBG5
2022-06-19 23:24:06+00:00,haoqin1995,RT @SinarOnline: Selamat Pagi üå§Ô∏è Ini adalah berita utama di akhbar Sinar Harian dan berita menarik untuk anda pada hari ini. https://t.co/K‚Ä¶
2022-06-19 23:24:00+00:00,JalaluddinAdin,"RT @SulisWidjaya: RKUHP: Orang Demonstrasi Tanpa Izin Dipenjara 1 Tahun

Dimana hak menyatakan pendapat dimuka umum  dilindungi dan dijamin‚Ä¶"
2022-06-19 23:23:56+00:00,najaemissu,"RT @JNJMEnt: -jnjm selamat pagi nominist aku membawa kabar berita bahwa ternyata bukan cuma nana kemarin nyender ke nono, tapi nono juga me‚Ä¶"
2022-06-19 23:23:47+00:00,_artpen,"@convomf Lapor ke dinas, biar besoknya langsung muncul berita pungli xixixi"
2022-06-19 23:23:41+00:00,Kerokeropi009,@soen_cak Kalau di portal berita makassar terkini sih info nya seorang ulama ahahaha
2022-06-19 23:23:40+00:00,aevaazr,"RT @JNJMEnt: -jnjm selamat pagi nominist aku membawa kabar berita bahwa ternyata bukan cuma nana kemarin nyender ke nono, tapi nono juga me‚Ä¶"
2022-06-19 23:23:24+00:00,ltxrnjn,"RT @JNJMEnt: -jnjm selamat pagi nominist aku membawa kabar berita bahwa ternyata bukan cuma nana kemarin nyender ke nono, tapi nono juga me‚Ä¶"
2022-06-19 23:23:19+00:00,carlie_marlon,RT @detikcom: Grace Natalie menegaskan partainya tidak akan mendukung Gubernur DKI Jakarta Anies Baswedan maju sebagai capres pada Pemilu 2‚Ä¶
2022-06-19 23:22:52+00:00,AdiRasa75967077,"RT @billy4riez: Bertemu Kiai Khas &amp; Habaib Jatim, Ketum PKB Lapor Siap Berlaga di Pilpres https://t.co/0dJ2m9Dx7h"
2022-06-19 23:22:50+00:00,kucink,"RT @risyiana: Beginilah kalau media tidak melakukan fact-checking sebelum publish. @kumparan @NewsTvone @tribunnews @banjarmasinpost dll, m‚Ä¶"
2022-06-19 23:22:50+00:00,mediaindonesia,Kementerian pertahanan Rusia mengatakan mereka telah menguasai Metyolkine. Kantor berita negara Rusia TASS melapork‚Ä¶ https://t.co/ZR0hXBvD0q
2022-06-19 23:22:46+00:00,Nr53N74H7N,"RT @WongKEDU__: Saat Ganjar Jadi Penyiar Radio, Pendengar Request Lagu &amp; Mengadu Pungli
@GanjarNusantara

#repost
#GANTARIüá≤üá® https://t.co/C‚Ä¶"
2022-06-19 23:22:45+00:00,YanaPurba3,"RT @YudiSet16452924: Berita seperti ini nyaris tak terendus publik, dan tidak ada Narasi teroris, tapi mengapa umat islam yg tidak memiliki‚Ä¶"
2022-06-19 23:22:38+00:00,maujaemm,"RT @JNJMEnt: -jnjm selamat pagi nominist aku membawa kabar berita bahwa ternyata bukan cuma nana kemarin nyender ke nono, tapi nono juga me‚Ä¶"
2022-06-19 23:22:34+00:00,__KangMasMo3__,"RT @SulisWidjaya: RKUHP: Orang Demonstrasi Tanpa Izin Dipenjara 1 Tahun

Dimana hak menyatakan pendapat dimuka umum  dilindungi dan dijamin‚Ä¶"
2022-06-19 23:22:26+00:00,meryri30,"RT @rdpms99: @8UkXK3beBNDzo4v @deathstares_ @nuicemedia Yg nyuruh buka siapa, pake masker di outdoor itu optional boleh dipake atau enggak,‚Ä¶"
2022-06-19 23:22:25+00:00,rachmat_junaedi,"Mowning gaes sarapan Indomie yuk biar semangat di Senin pagii yg hujan sambil pantengin berita hangat
buzzer TYtube‚Ä¶ https://t.co/79B0VHbdt1"
2022-06-19 23:22:16+00:00,nathagabs,"RT @JNJMEnt: -jnjm selamat pagi nominist aku membawa kabar berita bahwa ternyata bukan cuma nana kemarin nyender ke nono, tapi nono juga me‚Ä¶"
2022-06-19 23:22:14+00:00,MBT_Utama,RT @republikaonline: Kehadiran Habib Luthfi juga bersamaan dengan hadirnya masyarakat yang mendokan Eril. https://t.co/qhRovaQeIs
2022-06-19 23:22:12+00:00,suradiparlan5,RT @detikcom: Grace Natalie menegaskan partainya tidak akan mendukung Gubernur DKI Jakarta Anies Baswedan maju sebagai capres pada Pemilu 2‚Ä¶
2022-06-19 23:22:09+00:00,Haqipas,"RT @AndiSinulingga: Politik identitas juga. Dia juga tak pede menonjolkan prestasi dan catatan rekam jekan atas dirinya, selain tetap bersa‚Ä¶"
2022-06-19 23:22:02+00:00,tangledneurons_,bangun tidur kuterus menyampaikan berita buruk
2022-06-19 23:21:59+00:00,_tianwa,"RT @amaninanaeeim: Yay ,
Berita baik kepada para isteri

Suami yg nak Berpoligami tu kena minta kebenaran mahkamah &amp; persetujuan isteri per‚Ä¶"
2022-06-19 23:21:54+00:00,alifwicaksono79,RT @Cintada16: Berita seperti ini yang saat ini sangat dibutuhkan untuk lebuh membangkitkan kembali semangat NKRIü•∞üá≤üá® https://t.co/294mnX8P1m
2022-06-19 23:21:40+00:00,Karwito9,RT @MardaniAliSera: Oposisi itu ciri demokrasi. Selalu ada check and ballance. Yg sehat bagi rakyat jika parpol dan elit selalu terkontrol.‚Ä¶
2022-06-19 23:21:34+00:00,kifahaisyah,"RT @xkwavers: Denger berita ini, sedihhh banget gak si gengss?üò≠

Tapi kadang mikir, ""aku udah 24/7 ngedukung mereka, ngefans dan mikirin me‚Ä¶"
2022-06-19 23:21:24+00:00,muslimf,"https://t.co/BlNYaKUATD
""Ini suasananya sangat-sangat optimistis,dan saya berdoa Pupuk Indonesia Group,Petrokimia G‚Ä¶ https://t.co/w0ruIeonbG"
2022-06-19 23:20:57+00:00,woerit_wae,RT @Cintada16: Berita seperti ini yang saat ini sangat dibutuhkan untuk lebuh membangkitkan kembali semangat NKRIü•∞üá≤üá® https://t.co/294mnX8P1m
2022-06-19 23:20:57+00:00,Yunus05675952,"RT @papa_loren: Kamu peenah denger PSI teriak ttg KORUPSI selain di jakarta? üòÇ

https://t.co/2KbJYI0dLv"
2022-06-19 23:20:47+00:00,ki_cakrasurya,"RT @tvOneNews: Sejumlah dukungan untuk Anies Baswedan, maju di perhelatan bursa Capres 2024 mendatang, terus mengalir di sejumlah daerah.‚Ä¶"
2022-06-19 23:20:38+00:00,nester_hebron95,"RT @501Awani: ‚ÄúKalau saya sebut tentang nak keluarkan Kedah dari Malaysia saya akan kena tangkap, tetapi...""
#AWANInews #AWANI745 https://t‚Ä¶"
2022-06-19 23:20:37+00:00,papa_loren,"Kamu peenah denger PSI teriak ttg KORUPSI selain di jakarta? üòÇ

https://t.co/2KbJYI0dLv"
2022-06-19 23:20:29+00:00,_cunaa,"RT @amaninanaeeim: Yay ,
Berita baik kepada para isteri

Suami yg nak Berpoligami tu kena minta kebenaran mahkamah &amp; persetujuan isteri per‚Ä¶"
2022-06-19 23:20:21+00:00,nrashikinaziz,"RT @SyedAkramin: Orang gila sahaja percaya berita macam ini. Cuba kau tanya rakyat Malaysia di pedalaman Sabah dan Sarawak, sudahkah kawasa‚Ä¶"
2022-06-19 23:19:58+00:00,Nr53N74H7N,"RT @otnayramitsme: Uceeet... lebihin terooos...

Cocok dah relawan karo junjungan ü§£ü§£

https://t.co/zFlAVc1q2w https://t.co/tRZtgfJKx8"
2022-06-19 23:19:52+00:00,timpakul_89,"RT @SulisWidjaya: RKUHP: Orang Demonstrasi Tanpa Izin Dipenjara 1 Tahun

Dimana hak menyatakan pendapat dimuka umum  dilindungi dan dijamin‚Ä¶"
2022-06-19 23:19:49+00:00,Camelaila1,"RT @fahiraidris: Senator asal DKI Jakarta, Fahira Idris Puji Walikota Pariaman, Genius Umar
https://t.co/t3WVqzWaoB"
2022-06-19 23:19:49+00:00,IR_Fazrain,"RT @bharianmy: #BHnasional Pelakon itu dilapor menumbuk, menendang mangsa, selain mengugut akan membunuhnya

https://t.co/xh6PZZd9yF"
2022-06-19 23:19:48+00:00,AloelAsheen,RT @musniumar: Prihatin yg dialami Garuda yg dililit utang besar. BUMN sebagai sebuah prshaan ngr shrsnya menghslkan keuntungan demi menamb‚Ä¶
2022-06-19 23:19:31+00:00,Cherry_ijo,"@Muadz__BJabal93 @juwitajuy8 @88_Rhslh @Ainnur_ai @Juju_3a1d4h @DawetWangi @PShbt20 @Hwaiting_3 ""Itulah sebagian da‚Ä¶ https://t.co/Rvht5s9yVF"
2022-06-19 23:19:23+00:00,redaksimetrokal,"Berkat Hobi Melukis Kaligrafi, Muthia Punya Cerita yang Berharga https://t.co/0PmMiXS6OW #berita #metro‚Ä¶ https://t.co/wFaN2ZgoEq"
2022-06-19 23:19:23+00:00,jokoselong,"RT @Mdy_Asmara1701: Pemprov DKI Jakarta mengabadikan nama tokoh legenda Jakarta, Si Pitung menjadi nama jalan. Jalan Raya Kebayoran Lama di‚Ä¶"
2022-06-19 23:19:01+00:00,koockieJAR,"RT @ScherazadeMS: Seperti di paddock kejuaraan dunia. Banyak yang sudah berumur, tapi masih jadi jurnalis dan fotografer. 

Mereka masih ma‚Ä¶"
2022-06-19 23:18:24+00:00,501Awani,"Ia perlawanan liga pertama buat Brendan yang disahkan menghadapi kanser testis Julai tahun lepas.
#AWANInews‚Ä¶ https://t.co/sPcZPB1FRh"
2022-06-19 23:18:18+00:00,sartian_tian,"RT @gazadreamsqasim: Viral !!! #MimpiMuhammadQasim mulai dilirik oleh jurnalis. Semakin nyata kebenarannya!

https://t.co/ClcbzbIBhF"
2022-06-19 23:18:05+00:00,Iwancrd,RT @detikcom: Anies masuk sebagai bakal calon presiden dari Partai NasDem. Anies mengaku masih akan menjalankan tugas dan kewenangan sebaga‚Ä¶
2022-06-19 23:18:01+00:00,trisnowidibagus,@Sultan00674771 @ekamulyana1408 @KoranNetWork @ganjarpranowo Betul orang Wadas Menjilat sampai ada yg dapet 7 Milia‚Ä¶ https://t.co/qiLl88iJUo
2022-06-19 23:17:48+00:00,Rena__aja,"RT @SulisWidjaya: RKUHP: Orang Demonstrasi Tanpa Izin Dipenjara 1 Tahun

Dimana hak menyatakan pendapat dimuka umum  dilindungi dan dijamin‚Ä¶"
2022-06-19 23:17:44+00:00,bellaastr,"RT @detikcom: Menteri Pertanian Syahrul Yasin Limpo heran dengan harga cabai dan bawang merah yang melonjak tinggi. Pasalnya, stok cabai di‚Ä¶"
2022-06-19 23:17:34+00:00,Iwancrd,"RT @Mdy_Asmara1701: Anies Buka Final Liga Basket Piala Gubernur DKI Jakarta

Mantap üëç
https://t.co/9Ki4h8sg8a"
2022-06-19 23:17:28+00:00,republikaonline,Kehadiran Habib Luthfi juga bersamaan dengan hadirnya masyarakat yang mendokan Eril. https://t.co/qhRovaQeIs
2022-06-19 23:17:27+00:00,samsariyadi,"5 Hari Kasus Corona di Atas 1.000, Kemenkes Yakin Tak Sampai Gelombang 4 - https://t.co/6D0pl0acmI 
Yakin tidak ada gelombang 4 ?"
2022-06-19 23:17:08+00:00,mohtahid,"RT @SulisWidjaya: RKUHP: Orang Demonstrasi Tanpa Izin Dipenjara 1 Tahun

Dimana hak menyatakan pendapat dimuka umum  dilindungi dan dijamin‚Ä¶"
2022-06-19 23:17:05+00:00,Riau24Com,"Cerita Suriname, Negara di Amerika Selatan yang Warganya Fasih Berbahasa Jawa https://t.co/o2KmulmZyA"
2022-06-19 23:17:04+00:00,antaranews,Ons Jabeur angkat trofi Berlin Open https://t.co/3rPVjmcmv2
2022-06-19 23:17:00+00:00,OmarTara_2,"RT @PDemokrat: ""Mengenang almarhumah Ani Yudhoyono yang tentunya sangat dekat di hati &amp; pikiran kita semua. Semasa hidupnya dikenal penuh i‚Ä¶"
2022-06-19 23:16:57+00:00,is_pelssy,"RT @fahiraidris: Senator asal DKI Jakarta, Fahira Idris Puji Walikota Pariaman, Genius Umar
https://t.co/t3WVqzWaoB"
2022-06-19 23:16:52+00:00,viikhaaaa,"RT @JNJMEnt: -jnjm selamat pagi nominist aku membawa kabar berita bahwa ternyata bukan cuma nana kemarin nyender ke nono, tapi nono juga me‚Ä¶"
2022-06-19 23:16:51+00:00,Hima_airen,"RT @wow_keren: Lee Seung Gi dan Lee Se Young Selfie Gemas Reuni 'A Korean Odyssey', Drama Baru Disambut Antusias #LovebyLaw #LeeSeungGi #Le‚Ä¶"
2022-06-19 23:16:50+00:00,kang_kasur,@cytrlo23 @mtwp25 @idextratime @diarioas Lah kan lu duluan mit yang mulai ngebanter pake berita yang udah gak relev‚Ä¶ https://t.co/2moSYsOtJY
2022-06-19 23:16:48+00:00,Misno129,"@FNt70 @MNW_MNW_MNW Yg bijak aja dlm merespon berita, tdk jg meyalahkan arab jg tdk boleh menyalahkan bngs kita, se‚Ä¶ https://t.co/6gPhvZd84J"
2022-06-19 23:16:41+00:00,UMonline,"Khemah besar gagal, saingan tujuh¬†penjuru? https://t.co/cL26mjNiAm"
2022-06-19 23:16:25+00:00,IJimbonk,"RT @Mdy_Asmara1701: Pemprov DKI Jakarta mengabadikan nama tokoh legenda Jakarta, Si Pitung menjadi nama jalan. Jalan Raya Kebayoran Lama di‚Ä¶"
2022-06-19 23:16:03+00:00,Nr53N74H7N,"RT @bams_1eng: Ratusan pelajar dan mahasiswa yang tergabung dalam Orang Muda Ganjar (OMG) Nusa Tenggara Timur, mendeklarasikan dukungannya‚Ä¶"
2022-06-19 23:16:02+00:00,jabarekspres,"Resep Membuat Korean Cake, Silahkan Coba di¬†Rumah https://t.co/z3vXtT5P03"
2022-06-19 23:15:55+00:00,lyanamohdnoor,"RT @501Awani: Tiada kematian dilaporkan akibat COVID-19 pada Ahad menjadikan ia pertama kali sejak 18 Disember 2020, kata Menteri Kesihatan‚Ä¶"
2022-06-19 23:15:54+00:00,FirdausyMuh,"RT @__AnakKolong: Kalau Susilo Bambang Yudhoyono, Muhammad Jusuf Kalla &amp; Edhie Baskoro Yudhoyono diperiksa dan ditetapkan sebagai tersangka‚Ä¶"
2022-06-19 23:15:48+00:00,el_montel,@PaanRich @Khairykj Dekat luar kau tak nak pakai mask silakan. Kau tak baca surat khabar? Tak tengok berita? Benda‚Ä¶ https://t.co/Mnk2Dhx08x
2022-06-19 23:15:39+00:00,Homhom152618,"RT @wow_keren: Lisa BLACKPINK Nonton Konser (G)I-DLE, Kedekatan Bareng Keluarga Minnie Bikin Syok #Lisa https://t.co/jgbMjC9iFC https://t.c‚Ä¶"
2022-06-19 23:15:35+00:00,sartian_tian,"RT @NeniRohmah1: #MimpiMuhammadQasim 
Viral banget guys..
#MimpiMuhammadQasim 
Selalu jadi kenyataan.
https://t.co/IDzoclzEWu https://t.co/‚Ä¶"
2022-06-19 23:15:24+00:00,Joezz86_Awan,"Efek obat bius sehabis operasi konon bisa bikin pasien meracau nggak keruan. Tapi yang dialami Amel berbeda, meraca‚Ä¶ https://t.co/lSJI7ex1h4"
2022-06-19 23:15:13+00:00,bebekioi,"RT @Grujaponensis: @ohmybeautybank Teman-teman sekalian, Revlon ini adalah merk dagang dari USA yang mana kebijakan bagkrutnya beda dengan‚Ä¶"
2022-06-19 23:15:00+00:00,inewsdotid,"Hilang saat Jala Ikan, Warga Pelalawan Ditemukan Tewas Diterkam Buaya
https://t.co/fQvtzP4ecS"
2022-06-19 23:14:52+00:00,SyarifahFiy,RT @karimah1418: @AdenyQta @Aprilia68221885 @Alivia78274464 Beliau punya amanah untuk menyampaikan pesan mimpinya ke seluruh dunia.. ini sa‚Ä¶
2022-06-19 23:14:50+00:00,sartian_tian,"RT @NeniRohmah1: Wartawan banyak yg membicarakan 
#MimpiMuhammadQasim 
#MimpiMuhammadQasim bener_bener viral, percis sesuai dg yg ada di mi‚Ä¶"
2022-06-19 23:14:48+00:00,hendrikk168,"RT @detikcom: ""PSI tidak akan mendukung Mas Anies di Pilpres 2024. Kami memeluk teguh prinsip antiintoleransi dan antikorupsi,"" kata Grace‚Ä¶"
2022-06-19 23:14:48+00:00,trisnowidibagus,"@ekamulyana1408 @KoranNetWork @ganjarpranowo Sembarangan kalau ngomong wkwkwkwkwk ü§£ü§£ü§£

https://t.co/gvLBzCz39E"
2022-06-19 23:14:43+00:00,asjeplak,Mercedes Beberkan Perbedaan Porpoising dan¬†Bouncing https://t.co/0oA9gLwbHM
2022-06-19 23:14:32+00:00,AnisaDee98,"Mowning gaes sarapan Indomie goreng yuk biar semangat di Senin pagii ini sambil pantengin berita yang lagi hangat
a‚Ä¶ https://t.co/XbYAn5COJa"
2022-06-19 23:14:31+00:00,LikuraiO,Diplomasi Pariwisata dan Pengalungan Kain Tenun Ikat NTT dari Bunda Julie Laiskodat ke Tun¬†Mahatir https://t.co/hrbB5Vd7hL
2022-06-19 23:14:19+00:00,RahmanRahmato,"RT @msaid_didu: Bapak Presiden yth, dampak dari kebijakan Bapak mengimpor daging/ternak dari negara blm bebas PMK akhirnya :
1) peternak ru‚Ä¶"
2022-06-19 23:14:04+00:00,AgiNurfauzan,"RT @beritamilancom: Mudah-mudahan segera selesai kesepakatan Maldini dengan AC Milan.

Sepertinya akan lebih mengkhawatirkan jika Milan keh‚Ä¶"
2022-06-19 23:13:56+00:00,trisnowidibagus,"@KoranNetWork @ganjarpranowo Cari beritanya yg bener dulu, Syukur lgsg ke Lokasi, ada yg dapet 7 Miliar loohhh,,km‚Ä¶ https://t.co/302Qz2nBpf"
2022-06-19 23:13:54+00:00,utuhmenanti1,"RT @HanifahAndini96: Kepala @BNPTRI , Komjen Boy Rafli Amar mengatakn, meningkatny skala ujarn kebencian seiring kemajuan teknologi n mereb‚Ä¶"
2022-06-19 23:13:53+00:00,urService24_365,"RT @wow_keren: Lisa BLACKPINK Nonton Konser (G)I-DLE, Kedekatan Bareng Keluarga Minnie Bikin Syok #Lisa https://t.co/jgbMjC9iFC https://t.c‚Ä¶"
2022-06-19 23:13:38+00:00,LstwnA,"RT @SulisWidjaya: RKUHP: Orang Demonstrasi Tanpa Izin Dipenjara 1 Tahun

Dimana hak menyatakan pendapat dimuka umum  dilindungi dan dijamin‚Ä¶"
2022-06-19 23:13:26+00:00,utuhmenanti1,"RT @Anomali_Xd2: Rncana aksi nasional pncegahan &amp; penanggulangan ekstremsme brbasis kekerasan yg mngarah pada terorisme (RAN PE), merupakan‚Ä¶"
2022-06-19 23:13:19+00:00,assana2207_anko,RT @Cintada16: Berita seperti ini yang saat ini sangat dibutuhkan untuk lebuh membangkitkan kembali semangat NKRIü•∞üá≤üá® https://t.co/294mnX8P1m
2022-06-19 23:13:14+00:00,syznaasbri,"RT @Muzuzxck: Jika kita dengar berita kematian, Islam mengajarkan kita supaya menyebut apa yang baik sahaja tanpa mengaitkan perkara yang t‚Ä¶"
2022-06-19 23:13:10+00:00,detik_jateng,"Ambulans Vs Chevrolet di Medan, Saksi Mata: Jenazah Terpental Keluar https://t.co/AjMQKmV6I5"
2022-06-19 23:12:52+00:00,Imron31778780,"@FNt70 @MNW_MNW_MNW Dmn pun dan kapan pun, mau d negara mana pun,, pasti dan ada hal hal yg demikian,, apakah peran‚Ä¶ https://t.co/ew9UKyyCzE"
2022-06-19 23:12:35+00:00,syahirahzty,"RT @Muzuzxck: Jika kita dengar berita kematian, Islam mengajarkan kita supaya menyebut apa yang baik sahaja tanpa mengaitkan perkara yang t‚Ä¶"
2022-06-19 23:12:10+00:00,detik_sulsel,Link dan Cara Pendaftaran PPDB Makassar SD/SMP yang Dibuka Hari Ini https://t.co/EqCXwdvwLX
2022-06-19 23:12:10+00:00,detik_jatim,"10 Provinsi dengan Pesantren Terbanyak, Jatim Nomor Berapa? https://t.co/NhoKPR0Rti"
2022-06-19 23:12:05+00:00,aescreammmm,"RT @JNJMEnt: -jnjm selamat pagi nominist aku membawa kabar berita bahwa ternyata bukan cuma nana kemarin nyender ke nono, tapi nono juga me‚Ä¶"
2022-06-19 23:11:52+00:00,amiranajihah_,"RT @HhPixels: Nampak berita budak kena cabul dengan paderi, and your first thought is ""kalau ustaz ni dah viral, libhanat tak kisah"". Kau i‚Ä¶"
2022-06-19 23:11:39+00:00,sukadi_ahmad,"Kalau mau tahu knp mahal jgn hanya dilihat pada level pedagang tp lihat lah para petani, semua harga kebutuhan pert‚Ä¶ https://t.co/nvIX1zc1BH"
2022-06-19 23:11:13+00:00,agustaro,"RT @detikcom: Efek obat bius sehabis operasi konon bisa bikin pasien meracau nggak keruan. Tapi yang dialami Amel berbeda, meracaunya justr‚Ä¶"
2022-06-19 23:11:07+00:00,TuitBatam,Berita Pilpres 2024 - Anies Baswedan Masuk Radar PAN Setelah NasDem
2022-06-19 23:11:05+00:00,verrianto_m,RT @darilautID: WTO: Perdagangan Dapat Menjadi Solusi Mengatasi Krisis dan Tantangan¬†Lingkungan https://t.co/y57yKrhtNn
2022-06-19 23:11:01+00:00,okezonenews,Pajak Sewa Tanah yang Mencekik Pribumi Munculkan Perlawanan Pangeran Diponegoro #LengkapCepatBeritanya‚Ä¶ https://t.co/Kvc6CnzBlg
2022-06-19 23:10:40+00:00,aqil_imaad,"RT @detikcom: ""PSI tidak akan mendukung Mas Anies di Pilpres 2024. Kami memeluk teguh prinsip antiintoleransi dan antikorupsi,"" kata Grace‚Ä¶"
2022-06-19 23:10:04+00:00,voidotid,"Menurut Kementerian Pertahanan Rusia, sebanyak 2.439 tentara Ukraina dan anggota batalyon Azov menyerahkan senjata‚Ä¶ https://t.co/LdvxKFfQhX"
2022-06-19 23:10:03+00:00,zuxylau,"RT @dabenone2: @Kimi58486332 @cakimiNOW Ketua GP Ansor Gus Yaqut Dukung Erick Thohir di Pilpres 2024
https://t.co/eq2Mp2DOZQ

Suara Sesepuh‚Ä¶"
2022-06-19 23:10:03+00:00,fahiraidris,"Senator asal DKI Jakarta, Fahira Idris Puji Walikota Pariaman, Genius Umar
https://t.co/t3WVqzWaoB"
2022-06-19 23:09:57+00:00,republikaonline,"Pemkot Tangsel Klaim Wabah PMK Terkendali, Temuan Kasusnya Minim¬†¬† https://t.co/GksUj2iyaw"
2022-06-19 23:09:40+00:00,dhiadhi76015506,RT @detikcom: Grace Natalie menegaskan partainya tidak akan mendukung Gubernur DKI Jakarta Anies Baswedan maju sebagai capres pada Pemilu 2‚Ä¶
2022-06-19 23:09:39+00:00,tonnpalm_m1994,"RT @wow_keren: Lisa BLACKPINK Nonton Konser (G)I-DLE, Kedekatan Bareng Keluarga Minnie Bikin Syok #Lisa https://t.co/jgbMjC9iFC https://t.c‚Ä¶"
2022-06-19 23:09:34+00:00,gunturmount,"RT @infoahlulbait: Salat Melarang, Bukan Menghalangi, Kemaksiatan

Saat ini kalian memiliki modal ini, jiwa yang bersih dan suci ini. Karen‚Ä¶"
2022-06-19 23:09:21+00:00,PenangHarian,"RT @tularrOfficial: Segera laksanakan airport Kulim untuk jangka masa panjang. Penang sudah sesak 

https://t.co/IiFjr78vWl"
2022-06-19 23:09:18+00:00,andri_potter,"RT @msaid_didu: Bapak Presiden yth, dampak dari kebijakan Bapak mengimpor daging/ternak dari negara blm bebas PMK akhirnya :
1) peternak ru‚Ä¶"
2022-06-19 23:09:10+00:00,babahagewe,RT @Cintada16: Berita seperti ini yang saat ini sangat dibutuhkan untuk lebuh membangkitkan kembali semangat NKRIü•∞üá≤üá® https://t.co/294mnX8P1m
2022-06-19 23:09:04+00:00,gi_gi13,"RT @wow_keren: V BTS Pamer Tato Persahabatan di Tempat Misterius, Tahi Lalat Bikin Salfok #V https://t.co/kviAFtfxvi https://t.co/Cdc6nEfA7X"
2022-06-19 23:09:03+00:00,nungsari,Tak boleh ‚Äòleave‚Äô. Admin buang boleh kot? Percubaan keluarkan mana-mana negeri dari Malaysia merupakan jenayah - Tu‚Ä¶ https://t.co/ha04sd4g1i
2022-06-19 23:08:47+00:00,Reifky2121,"RT @Mdy_Asmara1701: Anies Buka Final Liga Basket Piala Gubernur DKI Jakarta

Mantap üëç
https://t.co/9Ki4h8sg8a"
2022-06-19 23:08:42+00:00,detikfinance,masih sedikit orang yang bepikir secara menyeluruh dari bisnis. https://t.co/hxs8QuiO8M
2022-06-19 23:08:41+00:00,kandang_sappi,RT @JOERAGANGroup: Mengapa Rasulullah SAW Anjurkan Setiap Muslim Berdagang? | Republika Online https://t.co/VDBBr5KwLf ‚Ä¶
2022-06-19 23:08:34+00:00,littlehumairah,"RT @Muzuzxck: Jika kita dengar berita kematian, Islam mengajarkan kita supaya menyebut apa yang baik sahaja tanpa mengaitkan perkara yang t‚Ä¶"
2022-06-19 23:08:09+00:00,tinta_hijaungu,RT @tinta_hijaungu: [1002] Pantauan setelah postingan berita putus https://t.co/kEmNR5GPsX
2022-06-19 23:08:08+00:00,detik_jabar,Kondisi Terkini Bobotoh yang Sempat Diamuk Massa di Stadion GBLA https://t.co/YYN7kYA9FB
2022-06-19 23:07:58+00:00,rkecil38373663,RT @Cintada16: Berita seperti ini yang saat ini sangat dibutuhkan untuk lebuh membangkitkan kembali semangat NKRIü•∞üá≤üá® https://t.co/294mnX8P1m
2022-06-19 23:07:57+00:00,PhuongTat2,"RT @wow_keren: Jadi Beban, V Awalnya Tak Setuju BTS Lakukan Ini Saat Tampil di Grammy Awards 2022 #V https://t.co/90QhPxdiCc https://t.co/7‚Ä¶"
2022-06-19 23:07:48+00:00,ASenuro,"RT @msaid_didu: Bapak Presiden yth, dampak dari kebijakan Bapak mengimpor daging/ternak dari negara blm bebas PMK akhirnya :
1) peternak ru‚Ä¶"
2022-06-19 23:07:39+00:00,asyur77,"RT @henporta: @maspiyuaja Terkadang ingin rasanya membaca berita..""seorang warga  singapura ditolak masuk indonesia"""
2022-06-19 23:07:37+00:00,asjeplak,"Muncul Lagi usai Postingan 'Tebus Dosa', Anak Bambang Pamungkas Bagikan Lirik¬†Pilu https://t.co/eFXEjT8thS"
2022-06-19 23:07:30+00:00,SulisWidjaya,"RKUHP: Orang Demonstrasi Tanpa Izin Dipenjara 1 Tahun

Dimana hak menyatakan pendapat dimuka umum  dilindungi dan d‚Ä¶ https://t.co/5GCW7hOHug"
2022-06-19 23:07:23+00:00,jhnkhs,"RT @JNJMEnt: -jnjm selamat pagi nominist aku membawa kabar berita bahwa ternyata bukan cuma nana kemarin nyender ke nono, tapi nono juga me‚Ä¶"
2022-06-19 23:07:22+00:00,xenonansaurus,"RT @JNJMEnt: -jnjm selamat pagi nominist aku membawa kabar berita bahwa ternyata bukan cuma nana kemarin nyender ke nono, tapi nono juga me‚Ä¶"
2022-06-19 23:07:12+00:00,501Awani,"Keseluruhan kos bagi RTB Fasa 1 ini adalah RM172.8 juta.
#AWANInews #AWANIpagi

https://t.co/G1jNW4MArO"
2022-06-19 23:07:08+00:00,detik_sumut,Prakiraan Cuaca 20 Juni 2022: Medan-Pakam Hujan di Pagi Hari https://t.co/RWdPzh0WhV
2022-06-19 23:07:02+00:00,Ghozi38953511,"@JacksCassanova Indonesia dominan nya permainan.
Kalau kalau permainan jadi juara.
Satu bulan di genjar terus di berita."
2022-06-19 23:07:02+00:00,eternaldreamie,kenapa skrg twitter tiap hari pasti ada berita kasus pelecehanüò≠üò©
2022-06-19 23:06:59+00:00,KosmetikDinda1,"RT @msaid_didu: Bapak Presiden yth, dampak dari kebijakan Bapak mengimpor daging/ternak dari negara blm bebas PMK akhirnya :
1) peternak ru‚Ä¶"
2022-06-19 23:06:54+00:00,rissyfeb,"RT @msaid_didu: Bapak Presiden yth, dampak dari kebijakan Bapak mengimpor daging/ternak dari negara blm bebas PMK akhirnya :
1) peternak ru‚Ä¶"
2022-06-19 23:06:47+00:00,ajai62,"Banjir sebagai tarikan pelancong, Young Syefura bidas Nazri https://t.co/Ujo3zulJte"
2022-06-19 23:06:20+00:00,Askrlfess,"[askrl] ip 14 kan ktnya ada bulan september ya, nah kira kira ip 12 bakal turun harga jd 8/9jt ga ya? trs menurut k‚Ä¶ https://t.co/jpWPmBpYwW"
2022-06-19 23:06:14+00:00,gynogyny,"RT @wow_keren: Lisa BLACKPINK Nonton Konser (G)I-DLE, Kedekatan Bareng Keluarga Minnie Bikin Syok #Lisa https://t.co/jgbMjC9iFC https://t.c‚Ä¶"
2022-06-19 23:06:11+00:00,AdivanMiera,"RT @cravishii: bantu hype berita baik ini luvityyy ü´∂

üìéhttps://t.co/JtT4ClOAgK https://t.co/YvbtmS4UTX"
